营救被困的松鼠,益智类,2023-12-24
逃离感恩节房间11,益智类,2024-01-05
课堂大战H5,敏捷篇,2024-01-05
营救新娘,益智类,2024-01-05
逃离当地小卖部,益智类,2024-01-05
椅子连连看,益智类,2024-01-05
困住的熊猫,益智类,2024-01-05
宇宙之谜,益智类,2024-01-05
寻找可爱的小狗,益智类,2024-01-05
帮助受伤的蜥蜴,益智类,2024-01-05
逃离感恩之林,益智类,2024-01-05
逃出医院大楼,射击类,2024-01-05
逃离克莱蒙特城堡,益智类,2024-01-05
闪闪发光的聚会,益智类,2024-01-05
疯狂吞噬,益智类,2024-01-05
果冻方块大消除,益智类,2024-01-05
救援可爱的南瓜,益智类,2024-01-05
揭开美丽的面纱,益智类,2024-01-05
建造购物中心,模拟经营,2024-01-05
找回丢失的钥匙,益智类,2024-01-05
实况赶海,休闲类,2024-01-05
收集掉落的星星,敏捷篇,2024-01-05
爱情鸟丛林逃脱,益智类,2024-01-05
屠龙仙缘,策略类,2024-01-04
逃离简易房屋147,益智类,2024-01-04
大猩猩极限跑酷,敏捷篇,2024-01-04
逃离火鸡笼,益智类,2024-01-04
寻找可爱的奥迪,益智类,2024-01-04
美妙的感恩节,益智类,2024-01-04
拯救屋中的乌龟,益智类,2024-01-04
高速赛车挑战,敏捷篇,2024-01-04
骰子手枪,射击类,2024-01-04
无人机之战,射击类,2024-01-04
拯救被困的粉红马,益智类,2024-01-04
救援黑火鸡,益智类,2024-01-04
北极之地逃脱,益智类,2024-01-04
逗小猴开心系列832,益智类,2024-01-04
美丽的森林大逃脱,益智类,2024-01-04
一拳KO你,体育类,2024-01-04
救出愤怒的羚羊,益智类,2024-01-04
飞机保持平衡,益智类,2024-01-04
火柴人对战僵尸,射击类,2024-01-04
炫彩果冻2048,益智类,2024-01-04
感恩节馅饼,益智类,2024-01-04
在逃公主,益智类,2024-01-04
寻找丢失的金条,益智类,2024-01-04
冬季童话,益智类,2024-01-03
蝴蝶狙击王,射击类,2024-01-03
寻找男孩相机,益智类,2024-01-03
昏暗儿童房逃生158,益智类,2024-01-03
救援停车场保安,益智类,2024-01-03
救援金火鸡,益智类,2024-01-03
真功夫火柴人,敏捷篇,2024-01-03
逃离海怪地,益智类,2024-01-03
熊女友逃跑,益智类,2024-01-03
儿童乐趣游戏,儿童类,2024-01-03
逃离简易房屋146,益智类,2024-01-03
马戏团枪战,射击类,2024-01-03
逗小猴开心系列831,益智类,2024-01-03
旋转骑士,冒险类,2024-01-03
微笑猫逃脱,益智类,2024-01-03
程序男逃脱,益智类,2024-01-03
雪怪兄弟大寻宝3,冒险类,2024-01-03
孤独的男孩,敏捷篇,2024-01-03
亚穆蒂斯,冒险类,2024-01-03
逃离红色小车,益智类,2024-01-03
王牌突击队,射击类,2024-01-02
顽皮的爪子,益智类,2024-01-02
丢失的感恩节花环,益智类,2024-01-02
下雪的夜晚,益智类,2024-01-02
感恩节晚饭,益智类,2024-01-02
室内装修,益智类,2024-01-02
创业人生,模拟经营,2024-01-02
休息日逃脱,益智类,2024-01-02
怪物方糖落地,益智类,2024-01-02
拿到被锁的钱,益智类,2024-01-02
昏暗儿童房逃生157,益智类,2024-01-02
逃离秋季农场,益智类,2024-01-01
逃出感恩节派对屋子,益智类,2024-01-01
奶奶逃离别墅,益智类,2024-01-01
寻找魔法笔,益智类,2024-01-01
救援愤怒的狮子,益智类,2024-01-01
开心泡泡龙2020,休闲类,2024-01-01
瑞克历险记,冒险类,2024-01-01
地牢迷阵,益智类,2024-01-01
逃离幻想平原,益智类,2024-01-01
昏暗儿童房逃生156,益智类,2024-01-01
圣诞物品连一连,益智类,2024-01-01
逃出湖泊森林,益智类,2024-01-01
隐藏的圣诞装饰品,益智类,2024-01-01
救援松鼠姑娘,益智类,2024-01-01
救援鸡尾鹦鹉,益智类,2023-12-31
融合糖果,益智类,2023-12-31
幻想编年史,益智类,2023-12-31
感恩派对大逃脱,益智类,2023-12-31
星河防御,策略类,2023-12-31
通往王座的道路,益智类,2023-12-31
秃然的沙雕,益智类,2023-12-31
沉浸式治愈达人,装扮类,2023-12-31
粉色玩偶逃脱,益智类,2023-12-31
树叶泡泡龙,休闲类,2023-12-30
巨龙的时代,益智类,2023-12-30
疯狂星期五逃脱,益智类,2023-12-30
逃离简易房屋145,益智类,2023-12-30
清洁时间,益智类,2023-12-30
夫妇逃离森林,益智类,2023-12-30
周五商场逃脱,益智类,2023-12-30
逃离科学博物馆,益智类,2023-12-30
神秘旅途,益智类,2023-12-30
寻找玫瑰花束,益智类,2023-12-30
随机冲突：土豆英雄,策略类,2023-12-29
星辰汇,益智类,2023-12-29
独眼战士逃脱,益智类,2023-12-29
4399全民街篮,体育类,2023-12-29
房东逆袭王,休闲类,2023-12-29
消灭敌机,射击类,2023-12-29
湖边房屋逃脱,益智类,2023-12-29
骆驼逃离无人沙漠,益智类,2023-12-29
感恩节逃离城市,益智类,2023-12-29
圆点归位,益智类,2023-12-29
猫与鲶鱼,射击类,2023-12-29
子弹咒语,射击类,2023-12-29
蛇蛇方块,益智类,2023-12-29
寻找记忆的男人,益智类,2023-12-29
美味的汤,益智类,2023-12-29
火鸡大逃离,益智类,2023-12-29
逗小猴开心系列830,益智类,2023-12-29
困在笼里的青蛙,益智类,2023-12-29
疯狂怪物逃脱,益智类,2023-12-29
圣诞夜之谜,益智类,2023-12-29
强大骑士的历练,冒险类,2023-12-29
贪吃鱼进化,益智类,2023-12-28
夜幕行动,策略类,2023-12-28
青云诀2,休闲类,2023-12-28
夜市餐厅,休闲类,2023-12-28
植物大战僵尸之3D打僵尸,策略类,2023-12-28
遇事不要慌,休闲类,2023-12-28
救援部落朋友,益智类,2023-12-28
城市公园,益智类,2023-12-28
救援巧克力饼干,益智类,2023-12-28
烹饪食材,益智类,2023-12-28
寻找感恩节派对帽,益智类,2023-12-28
逃离火鸡村落,益智类,2023-12-28
火鸡逃离海滩,益智类,2023-12-28
男孩寻火鸡,益智类,2023-12-28
整齐摆放,益智类,2023-12-28
救援感恩猫头鹰,益智类,2023-12-28
感恩节寻礼物,益智类,2023-12-28
圣诞礼物制造厂,射击类,2023-12-28
救援禾雀,益智类,2023-12-28
地下吸尘器,益智类,2023-12-28
欧卡皮鹿逃脱,益智类,2023-12-28
火鸡逃离房屋,益智类,2023-12-28
野生白火鸡逃脱,益智类,2023-12-27
救出小海豚,益智类,2023-12-27
圣诞房间找不同,益智类,2023-12-27
迷失在地牢,冒险类,2023-12-27
饥饿的山羊,益智类,2023-12-27
家庭聚会,益智类,2023-12-27
救出狐猴,益智类,2023-12-27
冬季仙女,益智类,2023-12-27
钩冰球进洞,益智类,2023-12-27
被困鹦鹉大逃脱,益智类,2023-12-27
拯救天使猫,益智类,2023-12-27
超级浣熊大作战,冒险类,2023-12-27
凛冬学者,冒险类,2023-12-27
双胞胎姐妹逃脱,益智类,2023-12-27
寻找感恩节蛋糕,益智类,2023-12-27
机器人和兔子,冒险类,2023-12-27
感恩节逃离农场,益智类,2023-12-27
功夫小将H5,动作类,2023-12-27
钢琴记忆按键,益智类,2023-12-27
魔法花园对对碰,益智类,2023-12-27
来割韭菜,益智类,2023-12-26
王者勋章之彩虹行动,冒险类,2023-12-26
智商高手,益智类,2023-12-26
糖豆人双人坠落,敏捷篇,2023-12-26
受困的狒狒,益智类,2023-12-26
逗小猴开心系列829,益智类,2023-12-26
救援甜橙,益智类,2023-12-26
圣诞村庄,益智类,2023-12-26
毛毛虫救援行动,益智类,2023-12-26
迷人的圣诞夜,益智类,2023-12-26
救出小洋葱,益智类,2023-12-26
胡萝卜王逃脱,益智类,2023-12-26
圣诞装饰品,益智类,2023-12-26
4399乱弹三国志,策略类,2023-12-26
饥饿的火鸡逃跑,益智类,2023-12-26
营救电梯里的男子,益智类,2023-12-26
救出受困的鸟儿,益智类,2023-12-26
复古麻将对对碰,益智类,2023-12-26
雪地木屋逃脱,益智类,2023-12-26
遗落的圣诞礼物,冒险类,2023-12-26
经营生态回收站,模拟经营,2023-12-26
洗浴中心模拟器,模拟经营,2023-12-25
九梦仙域高爆版,综合类,2023-12-25
像素图画书,休闲类,2023-12-25
救援可爱的刺猬,益智类,2023-12-25
圣诞珠宝对对碰,益智类,2023-12-25
勇闯数字迷宫,益智类,2023-12-25
酷炫摩托挑战赛,敏捷篇,2023-12-25
救援长生鸟,益智类,2023-12-25
救援土豆人,益智类,2023-12-25
救出白鹿,益智类,2023-12-25
感恩情侣逃脱,益智类,2023-12-25
昏暗儿童房逃生154,益智类,2023-12-25
虚线字母表,益智类,2023-12-25
营救被困的松鼠,益智类,2023-12-24
逃离感恩节房间11,益智类,2024-01-05
课堂大战H5,敏捷篇,2024-01-05
营救新娘,益智类,2024-01-05
逃离当地小卖部,益智类,2024-01-05
椅子连连看,益智类,2024-01-05
困住的熊猫,益智类,2024-01-05
宇宙之谜,益智类,2024-01-05
寻找可爱的小狗,益智类,2024-01-05
帮助受伤的蜥蜴,益智类,2024-01-05
逃离感恩之林,益智类,2024-01-05
逃出医院大楼,射击类,2024-01-05
逃离克莱蒙特城堡,益智类,2024-01-05
闪闪发光的聚会,益智类,2024-01-05
疯狂吞噬,益智类,2024-01-05
果冻方块大消除,益智类,2024-01-05
救援可爱的南瓜,益智类,2024-01-05
揭开美丽的面纱,益智类,2024-01-05
建造购物中心,模拟经营,2024-01-05
找回丢失的钥匙,益智类,2024-01-05
实况赶海,休闲类,2024-01-05
收集掉落的星星,敏捷篇,2024-01-05
爱情鸟丛林逃脱,益智类,2024-01-05
屠龙仙缘,策略类,2024-01-04
逃离简易房屋147,益智类,2024-01-04
大猩猩极限跑酷,敏捷篇,2024-01-04
逃离火鸡笼,益智类,2024-01-04
寻找可爱的奥迪,益智类,2024-01-04
美妙的感恩节,益智类,2024-01-04
拯救屋中的乌龟,益智类,2024-01-04
高速赛车挑战,敏捷篇,2024-01-04
骰子手枪,射击类,2024-01-04
无人机之战,射击类,2024-01-04
拯救被困的粉红马,益智类,2024-01-04
救援黑火鸡,益智类,2024-01-04
北极之地逃脱,益智类,2024-01-04
逗小猴开心系列832,益智类,2024-01-04
美丽的森林大逃脱,益智类,2024-01-04
一拳KO你,体育类,2024-01-04
救出愤怒的羚羊,益智类,2024-01-04
飞机保持平衡,益智类,2024-01-04
火柴人对战僵尸,射击类,2024-01-04
炫彩果冻2048,益智类,2024-01-04
感恩节馅饼,益智类,2024-01-04
在逃公主,益智类,2024-01-04
寻找丢失的金条,益智类,2024-01-04
冬季童话,益智类,2024-01-03
蝴蝶狙击王,射击类,2024-01-03
寻找男孩相机,益智类,2024-01-03
昏暗儿童房逃生158,益智类,2024-01-03
救援停车场保安,益智类,2024-01-03
救援金火鸡,益智类,2024-01-03
真功夫火柴人,敏捷篇,2024-01-03
逃离海怪地,益智类,2024-01-03
熊女友逃跑,益智类,2024-01-03
儿童乐趣游戏,儿童类,2024-01-03
逃离简易房屋146,益智类,2024-01-03
马戏团枪战,射击类,2024-01-03
逗小猴开心系列831,益智类,2024-01-03
旋转骑士,冒险类,2024-01-03
微笑猫逃脱,益智类,2024-01-03
程序男逃脱,益智类,2024-01-03
雪怪兄弟大寻宝3,冒险类,2024-01-03
孤独的男孩,敏捷篇,2024-01-03
亚穆蒂斯,冒险类,2024-01-03
逃离红色小车,益智类,2024-01-03
王牌突击队,射击类,2024-01-02
顽皮的爪子,益智类,2024-01-02
丢失的感恩节花环,益智类,2024-01-02
下雪的夜晚,益智类,2024-01-02
感恩节晚饭,益智类,2024-01-02
室内装修,益智类,2024-01-02
创业人生,模拟经营,2024-01-02
休息日逃脱,益智类,2024-01-02
怪物方糖落地,益智类,2024-01-02
拿到被锁的钱,益智类,2024-01-02
昏暗儿童房逃生157,益智类,2024-01-02
逃离秋季农场,益智类,2024-01-01
逃出感恩节派对屋子,益智类,2024-01-01
奶奶逃离别墅,益智类,2024-01-01
寻找魔法笔,益智类,2024-01-01
救援愤怒的狮子,益智类,2024-01-01
开心泡泡龙2020,休闲类,2024-01-01
瑞克历险记,冒险类,2024-01-01
地牢迷阵,益智类,2024-01-01
逃离幻想平原,益智类,2024-01-01
昏暗儿童房逃生156,益智类,2024-01-01
圣诞物品连一连,益智类,2024-01-01
逃出湖泊森林,益智类,2024-01-01
隐藏的圣诞装饰品,益智类,2024-01-01
救援松鼠姑娘,益智类,2024-01-01
救援鸡尾鹦鹉,益智类,2023-12-31
融合糖果,益智类,2023-12-31
幻想编年史,益智类,2023-12-31
感恩派对大逃脱,益智类,2023-12-31
星河防御,策略类,2023-12-31
通往王座的道路,益智类,2023-12-31
秃然的沙雕,益智类,2023-12-31
沉浸式治愈达人,装扮类,2023-12-31
粉色玩偶逃脱,益智类,2023-12-31
树叶泡泡龙,休闲类,2023-12-30
巨龙的时代,益智类,2023-12-30
疯狂星期五逃脱,益智类,2023-12-30
逃离简易房屋145,益智类,2023-12-30
清洁时间,益智类,2023-12-30
夫妇逃离森林,益智类,2023-12-30
周五商场逃脱,益智类,2023-12-30
逃离科学博物馆,益智类,2023-12-30
神秘旅途,益智类,2023-12-30
寻找玫瑰花束,益智类,2023-12-30
随机冲突：土豆英雄,策略类,2023-12-29
星辰汇,益智类,2023-12-29
独眼战士逃脱,益智类,2023-12-29
4399全民街篮,体育类,2023-12-29
房东逆袭王,休闲类,2023-12-29
消灭敌机,射击类,2023-12-29
湖边房屋逃脱,益智类,2023-12-29
骆驼逃离无人沙漠,益智类,2023-12-29
感恩节逃离城市,益智类,2023-12-29
圆点归位,益智类,2023-12-29
猫与鲶鱼,射击类,2023-12-29
子弹咒语,射击类,2023-12-29
蛇蛇方块,益智类,2023-12-29
寻找记忆的男人,益智类,2023-12-29
美味的汤,益智类,2023-12-29
火鸡大逃离,益智类,2023-12-29
逗小猴开心系列830,益智类,2023-12-29
困在笼里的青蛙,益智类,2023-12-29
疯狂怪物逃脱,益智类,2023-12-29
圣诞夜之谜,益智类,2023-12-29
强大骑士的历练,冒险类,2023-12-29
贪吃鱼进化,益智类,2023-12-28
夜幕行动,策略类,2023-12-28
青云诀2,休闲类,2023-12-28
夜市餐厅,休闲类,2023-12-28
植物大战僵尸之3D打僵尸,策略类,2023-12-28
遇事不要慌,休闲类,2023-12-28
救援部落朋友,益智类,2023-12-28
城市公园,益智类,2023-12-28
救援巧克力饼干,益智类,2023-12-28
烹饪食材,益智类,2023-12-28
寻找感恩节派对帽,益智类,2023-12-28
逃离火鸡村落,益智类,2023-12-28
火鸡逃离海滩,益智类,2023-12-28
男孩寻火鸡,益智类,2023-12-28
整齐摆放,益智类,2023-12-28
救援感恩猫头鹰,益智类,2023-12-28
感恩节寻礼物,益智类,2023-12-28
圣诞礼物制造厂,射击类,2023-12-28
救援禾雀,益智类,2023-12-28
地下吸尘器,益智类,2023-12-28
欧卡皮鹿逃脱,益智类,2023-12-28
火鸡逃离房屋,益智类,2023-12-28
野生白火鸡逃脱,益智类,2023-12-27
救出小海豚,益智类,2023-12-27
圣诞房间找不同,益智类,2023-12-27
迷失在地牢,冒险类,2023-12-27
饥饿的山羊,益智类,2023-12-27
家庭聚会,益智类,2023-12-27
救出狐猴,益智类,2023-12-27
冬季仙女,益智类,2023-12-27
钩冰球进洞,益智类,2023-12-27
被困鹦鹉大逃脱,益智类,2023-12-27
拯救天使猫,益智类,2023-12-27
超级浣熊大作战,冒险类,2023-12-27
凛冬学者,冒险类,2023-12-27
双胞胎姐妹逃脱,益智类,2023-12-27
寻找感恩节蛋糕,益智类,2023-12-27
机器人和兔子,冒险类,2023-12-27
感恩节逃离农场,益智类,2023-12-27
功夫小将H5,动作类,2023-12-27
钢琴记忆按键,益智类,2023-12-27
魔法花园对对碰,益智类,2023-12-27
来割韭菜,益智类,2023-12-26
王者勋章之彩虹行动,冒险类,2023-12-26
智商高手,益智类,2023-12-26
糖豆人双人坠落,敏捷篇,2023-12-26
受困的狒狒,益智类,2023-12-26
逗小猴开心系列829,益智类,2023-12-26
救援甜橙,益智类,2023-12-26
圣诞村庄,益智类,2023-12-26
毛毛虫救援行动,益智类,2023-12-26
迷人的圣诞夜,益智类,2023-12-26
救出小洋葱,益智类,2023-12-26
胡萝卜王逃脱,益智类,2023-12-26
圣诞装饰品,益智类,2023-12-26
4399乱弹三国志,策略类,2023-12-26
饥饿的火鸡逃跑,益智类,2023-12-26
营救电梯里的男子,益智类,2023-12-26
救出受困的鸟儿,益智类,2023-12-26
复古麻将对对碰,益智类,2023-12-26
雪地木屋逃脱,益智类,2023-12-26
遗落的圣诞礼物,冒险类,2023-12-26
经营生态回收站,模拟经营,2023-12-26
洗浴中心模拟器,模拟经营,2023-12-25
九梦仙域高爆版,综合类,2023-12-25
像素图画书,休闲类,2023-12-25
救援可爱的刺猬,益智类,2023-12-25
圣诞珠宝对对碰,益智类,2023-12-25
勇闯数字迷宫,益智类,2023-12-25
酷炫摩托挑战赛,敏捷篇,2023-12-25
救援长生鸟,益智类,2023-12-25
救援土豆人,益智类,2023-12-25
救出白鹿,益智类,2023-12-25
感恩情侣逃脱,益智类,2023-12-25
昏暗儿童房逃生154,益智类,2023-12-25
虚线字母表,益智类,2023-12-25
营救被困的松鼠,益智类,2023-12-24
救出双胞胎,益智类,2023-12-24
艾泽拉斯小队,策略类,2023-12-24
小马车大逃脱,益智类,2023-12-24
神秘的村落逃脱,益智类,2023-12-24
同福街小吃,模拟经营,2023-12-24
帮火鸡寻伴侣,益智类,2023-12-24
寒冷的夜晚,益智类,2023-12-24
逃出埃及金字塔内,益智类,2023-12-24
金字塔的顶端,益智类,2023-12-24
空中障碍跑酷,敏捷篇,2023-12-23
救援老虎,益智类,2023-12-23
我是吃货,益智类,2023-12-23
下雪的村庄,益智类,2023-12-23
摩托挑战大赛,体育类,2023-12-23
火鸡群逃脱,益智类,2023-12-23
火车大厨,模拟经营,2023-12-23
帮猫寻老鼠,益智类,2023-12-23
黑鸟救援,益智类,2023-12-23
救出黄鼠狼,益智类,2023-12-23
踩砖找猫猫,益智类,2023-12-23
圣诞老人集礼物,敏捷篇,2023-12-23
救援可爱的喵星人,益智类,2023-12-23
重力小人冲刺,敏捷篇,2023-12-23
大鱼吃小鱼新年版,敏捷篇,2023-12-22
救援饥饿的猴子,益智类,2023-12-22
昏暗儿童房逃生155,益智类,2023-12-22
收纳我的小屋,休闲类,2023-12-22
老板的钻石,益智类,2023-12-22
森林平房之谜,益智类,2023-12-22
寻找丢失的火鸡蛋,益智类,2023-12-22
我的健身房,模拟经营,2023-12-22
逃出奇怪的村庄,益智类,2023-12-22
摩托车躲避挑战,敏捷篇,2023-12-22
立体方块解谜,益智类,2023-12-22
逃离宽阔的动物园,益智类,2023-12-22
热闹的圣诞集市,益智类,2023-12-22
困在农场里的马,益智类,2023-12-22
方块消成语,益智类,2023-12-22
间谍大战,益智类,2023-12-22
逃出洁白的房屋,益智类,2023-12-22
精灵的秘密任务,益智类,2023-12-22
整洁房间逃离,益智类,2023-12-22
逃离简易房屋144,益智类,2023-12-22
蝴蝶精灵逃脱,益智类,2023-12-21
箭头方块冒险,冒险类,2023-12-21
开局一条狗,策略类,2023-12-21
俄罗斯方块拼接,益智类,2023-12-21
赤壁猫逃脱,益智类,2023-12-21
危险的水世界,敏捷篇,2023-12-21
营救屋顶的男孩,益智类,2023-12-21
寻找老鼠的家人,益智类,2023-12-21
昏暗儿童房逃生153,益智类,2023-12-21
城市汽车漂移赛,体育类,2023-12-21
阿Sue饼干消除,敏捷篇,2023-12-21
赛博人之战,射击类,2023-12-21
逃离户外场地,益智类,2023-12-21
理发店重新开业,益智类,2023-12-21
救援男孩的朋友,益智类,2023-12-21
逃离神秘屋宅3,益智类,2023-12-21
时间旅行家,益智类,2023-12-21
逃离神秘屋宅2,益智类,2023-12-21
逃离孔雀园,益智类,2023-12-21
寻找丢失的船,益智类,2023-12-21
陆军参谋长,益智类,2023-12-21
太空船大挑战,敏捷篇,2023-12-20
解救斗牛犬,益智类,2023-12-20
逃离万圣黑夜,益智类,2023-12-20
大脚车坡道竞赛,体育类,2023-12-20
被诅咒的仙女逃脱,益智类,2023-12-20
公路摩托狂飙,体育类,2023-12-20
荣耀守卫者,休闲类,2023-12-20
冰火王子公主回家记,冒险类,2023-12-20
救援万圣幽魂,益智类,2023-12-20
逃离迷人的丛林,益智类,2023-12-20
寻找消防员,益智类,2023-12-20
逗小猴开心系列828,益智类,2023-12-20
排灯节逃脱,益智类,2023-12-20
逃离简易房屋142,益智类,2023-12-20
滑雪竞赛,体育类,2023-12-20
北极村庄,益智类,2023-12-20
寻找万圣派对资金3,益智类,2023-12-20
我要养乞丐,休闲类,2023-12-20
独居生活,益智类,2023-12-20
姑娘逃出音乐派对,益智类,2023-12-20
逃离诡异的房子,益智类,2023-12-20
外星人大追击,敏捷篇,2023-12-20
造车作战,射击类,2023-12-20
保护小鸭群,射击类,2023-12-19
寻找魔术师,益智类,2023-12-19
默契双猫H5,冒险类,2023-12-19
美食大乱斗,休闲类,2023-12-19
战争大师,策略类,2023-12-19
网约车模拟器,体育类,2023-12-19
逃离简易房屋143,益智类,2023-12-19
找到金松鼠雕像,益智类,2023-12-19
百鸟森林逃脱,益智类,2023-12-19
首演序曲,益智类,2023-12-19
全民剧本大师,益智类,2023-12-19
救援女幽魂,益智类,2023-12-19
王牌的飞行员,射击类,2023-12-19
逗小猴开心系列827,益智类,2023-12-19
骑士少女逃脱,益智类,2023-12-19
寻宝旅途,益智类,2023-12-19
数字点点点,益智类,2023-12-19
火柴人智闯飞艇H5,益智类,2023-12-19
轰炸猫突击队,射击类,2023-12-19
隧道滑板挑战,敏捷篇,2023-12-19
逃出欢乐万圣派对,益智类,2023-12-19
歌唱家的秘密,益智类,2023-12-18
挖油日记,休闲类,2023-12-18
救援被遗弃的猫头鹰,益智类,2023-12-18
未知的密码,益智类,2023-12-18
解救秃鹰,益智类,2023-12-18
西部探险,益智类,2023-12-18
冰火毒娃勇闯地牢,敏捷篇,2023-12-18
蓝色小鸟大逃脱,益智类,2023-12-18
棒球对打大赛,敏捷篇,2023-12-18
万圣节逃离洞穴,益智类,2023-12-18
超级马蒂诺,冒险类,2023-12-18
不可能的停车大师,体育类,2023-12-18
超级快递员,休闲类,2023-12-17
寻找学生的书包,益智类,2023-12-17
保护羊羊,敏捷篇,2023-12-17
灵异电脑,敏捷篇,2023-12-17
神秘昆虫森林逃脱,益智类,2023-12-17
帮助蜗牛家族,益智类,2023-12-17
拯救恐龙的孩子,益智类,2023-12-17
疯狂巴士,益智类,2023-12-17
首映的电影,益智类,2023-12-17
2分钟卡牌战斗2.0,休闲类,2023-12-17
万圣节毛毛虫逃脱,益智类,2023-12-17
寻找室内植物,益智类,2023-12-17
小恶魔大逃脱,益智类,2023-12-17
僵尸回收站,模拟经营,2023-12-16
昏暗儿童房逃生152,益智类,2023-12-16
阿sue分饼干,益智类,2023-12-16
涂鸦街格斗,敏捷篇,2023-12-16
派发圣诞的礼物,益智类,2023-12-16
救援神秘的小魔女,益智类,2023-12-16
冰冻的堡垒,益智类,2023-12-16
我的解压馆,益智类,2023-12-16
救援北极熊宝宝,益智类,2023-12-16
冬季惊喜,益智类,2023-12-16
逃离原木住宅,益智类,2023-12-16
可爱水果大逃脱,益智类,2023-12-16
林地传说,益智类,2023-12-16
寻找说唱歌手,益智类,2023-12-16
鬣狗逃出沙漠,益智类,2023-12-16
敌机锁定,策略类,2023-12-15
拯救绵羊家族,益智类,2023-12-15
寻找长者钱包,益智类,2023-12-15
逃离欢乐万圣派对,益智类,2023-12-15
金币飞镖,射击类,2023-12-15
刺球消除,益智类,2023-12-15
救援受困的钢铁侠,益智类,2023-12-15
寻找兔子的家,益智类,2023-12-15
寻找金库,冒险类,2023-12-15
拯救天鹅母子,益智类,2023-12-15
盘子消消消,益智类,2023-12-15
救援白色小狗,益智类,2023-12-15
水果大战害虫H5,策略类,2023-12-15
逃离博德鲁姆别墅,益智类,2023-12-15
营救万圣女巫,益智类,2023-12-15
阁楼翻新,益智类,2023-12-15
4399三国杀,棋牌类,2023-12-15
古董大师模拟器,模拟经营,2023-12-15
万圣节快乐派对,益智类,2023-12-15
国王的指令,益智类,2023-12-15
万圣捣蛋夜逃脱,益智类,2023-12-15
消防元素记忆卡,益智类,2023-12-15
救援万圣猫咪,益智类,2023-12-15
神明之物,益智类,2023-12-15
营救白孔雀,益智类,2023-12-15
拯救笼中红松鼠,益智类,2023-12-15
躺平守卫战,策略类,2023-12-14
暗夜兵团,冒险类,2023-12-14
寻找丢失的神灯,益智类,2023-12-14
雪人双人冒险2,冒险类,2023-12-14
水母吃金币,敏捷篇,2023-12-14
逃离万圣屋36,益智类,2023-12-14
寻找女巫装姑娘,益智类,2023-12-14
变形麻将连连看,益智类,2023-12-14
多彩山景逃脱,益智类,2023-12-14
唤醒睡觉的熊猫,益智类,2023-12-14
不一样的冒险,冒险类,2023-12-14
救援万圣女皇,益智类,2023-12-14
火柴人神器之战4,冒险类,2023-12-14
机密事件,益智类,2023-12-14
救出万圣小魔女,益智类,2023-12-14
笼罩在神秘之中,益智类,2023-12-14
救援诅咒女子,益智类,2023-12-14
可疑的物品,益智类,2023-12-14
单亲妈妈摆摊记,模拟经营,2023-12-14
逃离玉米地,益智类,2023-12-14
狐狸对抗战,射击类,2023-12-14
万圣夜逃离村落,益智类,2023-12-14
寻找万圣僵尸,益智类,2023-12-14
逃离万圣屋35,益智类,2023-12-13
4399三国快打,动作类,2023-12-13
宫爆老爷爷H5,敏捷篇,2023-12-13
逃离幽灵居住地,益智类,2023-12-13
蓝猫头鹰救援,益智类,2023-12-13
机械暗室,冒险类,2023-12-13
可爱小仙女逃脱,益智类,2023-12-13
爬山模拟器,冒险类,2023-12-13
逃离森林的帝王鼠,益智类,2023-12-13
翻转霓虹刀,休闲类,2023-12-13
漆黑的城镇,敏捷篇,2023-12-13
麻将大乱斗,休闲类,2023-12-13
万圣节黑暗地逃脱,益智类,2023-12-13
万圣屋大逃脱,益智类,2023-12-13
牧羊犬大逃脱,益智类,2023-12-13
红色对蝶逃脱,益智类,2023-12-13
逗小猴开心系列826,益智类,2023-12-13
救援龙宝宝,益智类,2023-12-13
埋藏的大秘密,益智类,2023-12-13
冰火毒娃大生存,敏捷篇,2023-12-13
闹鬼的村庄,益智类,2023-12-13
配送披萨,体育类,2023-12-13
终极越野高速赛,体育类,2023-12-13
青蛙吃方块,敏捷篇,2023-12-12
麻将之王,益智类,2023-12-12
公主糖果对对碰,益智类,2023-12-12
逃离诡异的山谷,益智类,2023-12-12
绝世战魂：前传,策略类,2023-12-12
幽灵逃出房屋,益智类,2023-12-12
小绵羊与大灰狼,益智类,2023-12-12
街头牛排,模拟经营,2023-12-12
空中跳跃挑战,敏捷篇,2023-12-12
救援牛仔女孩,益智类,2023-12-12
金币真空枪,射击类,2023-12-12
冰娃火娃之双人迷宫,益智类,2023-12-12
冰雪小镇来找茬,益智类,2023-12-12
救援龙形小怪,益智类,2023-12-12
3D工地挖掘机模拟,体育类,2023-12-12
咕卡爱玩我,休闲类,2023-12-12
辐射地带,益智类,2023-12-12
躲捕蚊花,敏捷篇,2023-12-12
快速运足球,敏捷篇,2023-12-12
收纳大师,休闲类,2023-12-12
停车达人大考验,体育类,2023-12-12
昏暗儿童房逃生151,益智类,2023-12-11
太空快打砖块,敏捷篇,2023-12-11
救援钢铁侠托尼,益智类,2023-12-11
寻宝藏快逃脱,益智类,2023-12-11
万圣节房屋逃脱,益智类,2023-12-11
逗小猴开心系列825,益智类,2023-12-11
寻找万圣派对资金,益智类,2023-12-11
衰落轨迹,益智类,2023-12-11
飞龙躲避,敏捷篇,2023-12-11
救援孔雀王,益智类,2023-12-11
仙境之谜,益智类,2023-12-11
救援绿色老乌龟,益智类,2023-12-11
纤手龙的困境,益智类,2023-12-11
画线引车送货,益智类,2023-12-11
装备制造厂,休闲类,2023-12-11
管道图形,益智类,2023-12-10
逃离英雄之旅,益智类,2023-12-10
炮打砖块,敏捷篇,2023-12-10
数字马戏团拼图,益智类,2023-12-10
猫咪前哨站,策略类,2023-12-10
救援扫帚女孩,益智类,2023-12-10
安全出口,敏捷篇,2023-12-10
万圣城堡女仆逃脱,益智类,2023-12-10
救援雪狼,益智类,2023-12-10
经营农场和超市,模拟经营,2023-12-09
万圣节寻找女巫,益智类,2023-12-09
受伤海鸥逃脱,益智类,2023-12-09
脑洞大煎饼,模拟经营,2023-12-09
帮助受困的情侣,益智类,2023-12-09
救援灵魂挚友,益智类,2023-12-09
阿sue保护饼干,休闲类,2023-12-09
救援保安叔叔,益智类,2023-12-09
高尔夫球投掷,益智类,2023-12-09
逃离超现代房屋,益智类,2023-12-09
奇迹之家来找茬,益智类,2023-12-09
困在笼里的猫咪,益智类,2023-12-09
昏暗儿童房逃生150,益智类,2023-12-09
魔法之塔找不同,益智类,2023-12-09
狂野飙客7,体育类,2023-12-09
坦克手训练,射击类,2023-12-08
旋转企鹅,益智类,2023-12-08
白色光蛇,敏捷篇,2023-12-08
急速解锁,敏捷篇,2023-12-08
网状世界空间,敏捷篇,2023-12-08
迷你天空小子,敏捷篇,2023-12-08
翻转红宝石,益智类,2023-12-08
幻想名将录,策略类,2023-12-08
弹性人,休闲类,2023-12-08
青蛙吃苹果,敏捷篇,2023-12-08
甜甜圈对战,敏捷篇,2023-12-08
4399蓝天卫士,射击类,2023-12-08
神秘的马戏团逃脱,益智类,2023-12-08
寻找僵尸的药材,益智类,2023-12-08
彩色幽灵,益智类,2023-12-08
末日枪神,射击类,2023-12-08
老墓地逃脱,益智类,2023-12-08
最酷理发大师,休闲类,2023-12-08
精灵村庄,益智类,2023-12-08
贵宾犬大逃脱,益智类,2023-12-08
逃出奇幻世界14,益智类,2023-12-08
坠落的表情球,敏捷篇,2023-12-08
老司机挪车,益智类,2023-12-08
记忆卡牌探索,益智类,2023-12-08
密林跳跃兔,敏捷篇,2023-12-08
幼鸟过障碍,敏捷篇,2023-12-08
孤独的庄园,休闲类,2023-12-08
导弹大爆炸,敏捷篇,2023-12-07
万圣节怪猫逃脱,益智类,2023-12-07
万圣夜前夕大逃脱,益智类,2023-12-07
万圣节地牢逃脱,益智类,2023-12-07
救援埃及小狗,益智类,2023-12-07
办公室对战,射击类,2023-12-07
寻找幽灵朋友,益智类,2023-12-07
阿sue娃娃屋,装扮类,2023-12-07
营救万圣红蝙蝠,益智类,2023-12-07
寻找万圣节海报,益智类,2023-12-07
万圣饥饿女巫逃脱,益智类,2023-12-07
逃离简易房屋140,益智类,2023-12-07
唐人街的事件,益智类,2023-12-07
空中攀登跑酷3,敏捷篇,2023-12-07
逃离万圣南瓜园,益智类,2023-12-07
快打可恶鼹鼠,敏捷篇,2023-12-07
寻找丢失的钱财,益智类,2023-12-07
逃离万圣屋34,益智类,2023-12-07
引燃的炸药包,敏捷篇,2023-12-07
别碰我的城堡,射击类,2023-12-07
遗忘的男爵,益智类,2023-12-06
寻找女巫的帽子,益智类,2023-12-06
待售的屋子,益智类,2023-12-06
救出丛林猫头鹰,益智类,2023-12-06
大脚车冠军赛,体育类,2023-12-06
超能意念者,敏捷篇,2023-12-06
经典像素贪吃蛇,敏捷篇,2023-12-06
说唱小天王,休闲类,2023-12-06
寻找幽灵朋友6,益智类,2023-12-06
寻找幽灵朋友5,益智类,2023-12-06
坦克2023,射击类,2023-12-06
拯救被困的青蛙,益智类,2023-12-06
逃离雕像迷宫,益智类,2023-12-06
霓虹迷宫,益智类,2023-12-06
昏暗儿童房逃生149,益智类,2023-12-06
逃离奇幻夜,益智类,2023-12-06
小球疯狂冲刺,敏捷篇,2023-12-06
2048合并高手,益智类,2023-12-06
逗小猴开心系列824,益智类,2023-12-06
救援北极狐,益智类,2023-12-06
枫叶岛,冒险类,2023-12-05
晶核,动作类,2023-12-05
可怕的黄昏,益智类,2023-12-05
点球挑战大赛,体育类,2023-12-05
救援导师罗斯,益智类,2023-12-05
隐藏的奇迹,益智类,2023-12-05
救援迷你兔子,益智类,2023-12-05
城镇市场,益智类,2023-12-05
万圣夜逃出洞口,益智类,2023-12-05
寻找恶魔鸭,益智类,2023-12-05
机关小子,益智类,2023-12-05
炸弹传递2,敏捷篇,2023-12-05
万圣节公主大逃脱,益智类,2023-12-05
寻求出口,益智类,2023-12-05
合并战斗,敏捷篇,2023-12-05
可爱狗狗被困,益智类,2023-12-05
救援足球运动员,益智类,2023-12-05
企鹅冒险之旅,敏捷篇,2023-12-05
逃离万圣屋33,益智类,2023-12-05
守护你的领土,策略类,2023-12-05
困在笼里的猫头鹰,益智类,2023-12-05
逗小猴开心系列823,益智类,2023-12-05
两个球,益智类,2023-12-04
生存赛挑战,体育类,2023-12-04
救援晕厥的南瓜,益智类,2023-12-04
4399四圣封神,动作类,2023-12-04
丢失的物件,益智类,2023-12-04
救援可爱的鸬鹚,益智类,2023-12-04
空灵的黄昏,益智类,2023-12-04
救援受困的女战士,益智类,2023-12-04
男孩逃离万圣夜,益智类,2023-12-04
寻找贪吃的男孩,益智类,2023-12-04
寻找安娜女王,益智类,2023-12-04
极致魅力,益智类,2023-12-04
吞噬数字泡,敏捷篇,2023-12-04
金币入罐,益智类,2023-12-04
爆射僵尸,射击类,2023-12-04
火柴人斗士,敏捷篇,2023-12-04
汽车驾驶挑战,敏捷篇,2023-12-03
寻找幽灵朋友3,益智类,2023-12-03
星期五逃脱,益智类,2023-12-03
昏暗儿童房逃生148,益智类,2023-12-03
散弹枪王国,休闲类,2023-12-03
向上的方块,敏捷篇,2023-12-03
寻万圣节的猫翅膀,益智类,2023-12-03
猫精灵防御,策略类,2023-12-03
寻找海鸥,益智类,2023-12-03
火柴人神投手,益智类,2023-12-03
救援受伤的小猫,益智类,2023-12-03
万圣节逃离密地,益智类,2023-12-03
算数射击,射击类,2023-12-03
可爱小鸟拼图,益智类,2023-12-03
午夜逃离诡异屋,益智类,2023-12-02
救援吃萝卜的兔子,益智类,2023-12-02
猩红之夜,冒险类,2023-12-02
万圣派对逃脱,益智类,2023-12-02
疯狂的艺术,益智类,2023-12-02
救援面具超人,益智类,2023-12-02
赶紧醒来,益智类,2023-12-02
逃离幽灵之地,益智类,2023-12-02
救援洞穴小人,益智类,2023-12-02
拯救笼中小猫,益智类,2023-12-02
明智的建议,益智类,2023-12-02
勇敢夺宝者,射击类,2023-12-02
圣诞穿搭改造,装扮类,2023-12-02
寻找幽灵朋友2,益智类,2023-12-02
假日雪季逃脱,益智类,2023-12-02
凤头鹦鹉大逃脱,益智类,2023-12-01
救援陆龟,益智类,2023-12-01
营救小猫,益智类,2023-12-01
阿sue的彩色线团H5,益智类,2023-12-01
躲避陨石流,敏捷篇,2023-12-01
万圣节猫地逃脱,益智类,2023-12-01
翻转人偶,敏捷篇,2023-12-01
逃出万圣派对现场,益智类,2023-12-01
武侠打工逆袭记,休闲类,2023-12-01
我部落最强,策略类,2023-12-01
救援艺术家埃莉诺,益智类,2023-12-01
水果勇者,射击类,2023-12-01
逃离简易房屋141,益智类,2023-12-01
救援花朵姑娘,益智类,2023-12-01
花园蜜蜂救援,益智类,2023-12-01
兽人的进攻,益智类,2023-12-01
寻找沐浴玩具,益智类,2023-12-01
逃离趣味万圣派对,益智类,2023-12-01
完美旋律,益智类,2023-12-01
雪橇骑士,敏捷篇,2023-12-01
核金弹头,射击类,2023-12-01
救出南瓜女孩,益智类,2023-12-01
机器人大逃亡2,冒险类,2023-12-01
小城镇之谜,益智类,2023-12-01
名媛穿搭,装扮类,2023-12-01
困在笼里的鹤,益智类,2023-11-30
阿sue取甜品,敏捷篇,2023-11-30
寻找油漆工,益智类,2023-11-30
巨嘴鸟大逃脱,益智类,2023-11-30
救援巫师尼维尔,益智类,2023-11-30
快转换颜色,敏捷篇,2023-11-30
逃出南瓜园,益智类,2023-11-30
绿色鹦鹉逃脱,益智类,2023-11-30
阿Sue盖印章H5,敏捷篇,2023-11-30
昏暗儿童房逃生147,益智类,2023-11-30
拯救乌鸦,益智类,2023-11-30
车库阴谋,益智类,2023-11-30
林中小屋大逃脱,益智类,2023-11-30
湖中跳跃,敏捷篇,2023-11-30
逃离荒废的沙龙店,益智类,2023-11-30
极地辉光,益智类,2023-11-30
浪漫的雨季穿搭,装扮类,2023-11-30
救援青蛙王,益智类,2023-11-30
狩猎之谜,益智类,2023-11-30
我爱做家务,休闲类,2023-11-30
废弃旅馆逃脱,益智类,2023-11-30
赛博音乐射击,射击类,2023-11-30
飘渺西游,策略类,2023-11-30
想致富先种树,模拟经营,2023-11-30
恐龙送蛋回窝,敏捷篇,2023-11-30
勇闯机械迷宫,益智类,2023-11-30
明日大亨,模拟经营,2023-11-29
梦幻之城,休闲类,2023-11-29
机器人酷跑4,敏捷篇,2023-11-29
酷炫汽车挑战赛,体育类,2023-11-29
激战山谷,射击类,2023-11-29
年轻姑娘逃脱,益智类,2023-11-29
寻找西餐厨师,益智类,2023-11-29
弹指英雄,射击类,2023-11-29
拯救小鸡和母鸡,益智类,2023-11-29
蓝红方块要相遇,益智类,2023-11-29
逃出梅因小镇,益智类,2023-11-29
寻找蜘蛛食物,益智类,2023-11-29
收集黄色药水,冒险类,2023-11-29
万圣节糖果城逃脱,益智类,2023-11-29
昏暗儿童房逃生145,益智类,2023-11-29
野餐的姑娘,装扮类,2023-11-29
逃出起重机,益智类,2023-11-29
逗小猴开心系列822,益智类,2023-11-29
火柴人之江湖,冒险类,2023-11-29
摩托车竞赛,体育类,2023-11-29
拯救小山羊,益智类,2023-11-29
大型锦标赛,益智类,2023-11-29
一剑倾城,休闲类,2023-11-28
救援灵魂蝙蝠,益智类,2023-11-28
名人的房屋,益智类,2023-11-28
狙击贼6,射击类,2023-11-28
被困将军逃脱,益智类,2023-11-28
逃出围墙,益智类,2023-11-28
逃离秘密小屋子,益智类,2023-11-28
街头时尚达人,装扮类,2023-11-28
友好的外交,益智类,2023-11-28
植物大战僵尸怪物,策略类,2023-11-28
魔法城对抗兽人,策略类,2023-11-28
点球射手争霸赛3,体育类,2023-11-28
救援艾伦,益智类,2023-11-28
黑暗沼泽逃脱,益智类,2023-11-28
救援幸运的蚂蚁,益智类,2023-11-28
知更鸟逃脱,益智类,2023-11-28
救援男孩皮乔,益智类,2023-11-28
任意球绝杀挑战,体育类,2023-11-28
逗小猴开心系列821,益智类,2023-11-28
逃离红色轿车,益智类,2023-11-28
汉字爱找茬,益智类,2023-11-28
弗利格历险记,敏捷篇,2023-11-27
被诅咒的箱子,益智类,2023-11-27
救出男孩与狗,益智类,2023-11-27
家庭团聚日,益智类,2023-11-27
救援紫色章鱼,益智类,2023-11-27
发现不明飞行物,益智类,2023-11-27
安静的狗逃脱,益智类,2023-11-27
可爱动漫姑娘逃脱,益智类,2023-11-27
像素人闯险地,冒险类,2023-11-27
优雅姑娘去购物,装扮类,2023-11-27
拯救被困小林塔,益智类,2023-11-27
小狒狒大逃脱,益智类,2023-11-27
特技赛车手,体育类,2023-11-27
空中攀登跑酷2,敏捷篇,2023-11-27
从室内逃到室外,益智类,2023-11-26
海滨泡泡龙,休闲类,2023-11-26
苍蝇过障碍,敏捷篇,2023-11-26
逃离简易房屋139,益智类,2023-11-26
宿命之下2,策略类,2023-11-26
寻找可爱宠物,益智类,2023-11-26
青蛙收集星星,益智类,2023-11-26
可爱小猪大逃脱,益智类,2023-11-26
可爱的房间大逃脱,益智类,2023-11-26
我靠钓鱼买座岛,休闲类,2023-11-26
娱乐女主持人,装扮类,2023-11-26
逃离独立空间,益智类,2023-11-26
小小弓箭射手,敏捷篇,2023-11-26
困在笼里的戴胜鸟,益智类,2023-11-26
逃离浪漫告白地,益智类,2023-11-26
拼个车快跑,敏捷篇,2023-11-25
时空修复者,冒险类,2023-11-25
救援英俊的男子,益智类,2023-11-25
帮阿Sue整理书房H5,益智类,2023-11-25
爱吃冰淇淋的男孩,益智类,2023-11-25
化妆美美哒,休闲类,2023-11-25
全新的配方,益智类,2023-11-25
救援蘑菇公主,益智类,2023-11-25
感恩节找茬,益智类,2023-11-25
救援橙色蟾蜍,益智类,2023-11-25
不速之客的要求,益智类,2023-11-25
人群大炮发射,射击类,2023-11-25
姑娘的秋季穿搭,益智类,2023-11-25
世界杯现场逃脱,益智类,2023-11-25
乡村狐狸救援,益智类,2023-11-25
救出紫色小怪,益智类,2023-11-24
天空之城大逃脱,益智类,2023-11-24
拯救被困的王子,益智类,2023-11-24
帮魂魄逃脱,益智类,2023-11-24
英雄救女孩,益智类,2023-11-24
冰淇淋小店铺,模拟经营,2023-11-24
昏暗儿童房逃生146,益智类,2023-11-24
逃离木乃伊洞,益智类,2023-11-24
救援被诅咒的老鼠,益智类,2023-11-24
女孩逃离万圣派对,益智类,2023-11-24
飞行棋大招版,棋牌类,2023-11-24
逃离军用车,益智类,2023-11-24
4399剑舞,冒险类,2023-11-24
隐藏的财物,益智类,2023-11-24
逃离艺术博物馆,益智类,2023-11-24
感恩节游行,益智类,2023-11-24
彩裙我最美,敏捷篇,2023-11-24
逃离大型棒球场,益智类,2023-11-24
大扫除时间,益智类,2023-11-24
帮南瓜浇水,益智类,2023-11-24
万圣装扮姑娘逃脱,益智类,2023-11-24
平凡姑娘改造,装扮类,2023-11-24
疯狂反斗城,休闲类,2023-11-24
寻找农民西奥多,益智类,2023-11-24
星际合金战士,射击类,2023-11-23
释放库拉国王,益智类,2023-11-23
拯救被关的小狗,益智类,2023-11-23
功夫之夜,策略类,2023-11-23
二战风云,策略类,2023-11-23
火柴人滚雪球,敏捷篇,2023-11-23
合成大猫咪,休闲类,2023-11-23
最强清理工,休闲类,2023-11-23
疯狂的橡皮擦,益智类,2023-11-23
救援日本猕猴,益智类,2023-11-23
浪漫之地逃脱,益智类,2023-11-23
南瓜姑娘大逃脱,益智类,2023-11-23
寻找长颈鹿玩具,益智类,2023-11-23
宝石爆破消除,益智类,2023-11-23
堆叠之城,休闲类,2023-11-23
困在沙滩的马,益智类,2023-11-23
古玩收藏家,益智类,2023-11-23
完美的武器,益智类,2023-11-23
穿衣大挑战,休闲类,2023-11-23
寻找蜜蜂的食物,益智类,2023-11-23
时尚女达人,装扮类,2023-11-23
小小虾闯江湖试玩版,冒险类,2023-11-23
父亲的剑柄,益智类,2023-11-23
逃离校园郊游,益智类,2023-11-23
烈性的毒酒,益智类,2023-11-23
土著男孩逃离小屋,益智类,2023-11-23
寻找生日帽,益智类,2023-11-23
山地车竞赛,体育类,2023-11-22
逃离锁住的出口,益智类,2023-11-22
气垫车吃星星,敏捷篇,2023-11-22
寻回万圣节糖果,益智类,2023-11-22
放开那只猪,益智类,2023-11-22
寻找魔球的女巫,益智类,2023-11-22
五彩数字连线,益智类,2023-11-22
我要变高高,敏捷篇,2023-11-22
拯救被困的鲸鱼,益智类,2023-11-22
寻找可爱的怪物玩具,益智类,2023-11-22
超级时装周,敏捷篇,2023-11-22
可爱动物造型,装扮类,2023-11-22
逃生100秒,冒险类,2023-11-22
大鹅大冒险,冒险类,2023-11-22
救援黑皮肤女孩,益智类,2023-11-22
逗小猴开心系列820,益智类,2023-11-22
救援白色猫头鹰,益智类,2023-11-22
迷人的湖畔,益智类,2023-11-22
昏暗儿童房逃生142,益智类,2023-11-22
证据搜寻,益智类,2023-11-22
救援愤怒的武士,益智类,2023-11-22
机甲变形超能战车,动作类,2023-11-22
逃离幽暗的房屋,益智类,2023-11-22
感恩节魔术,益智类,2023-11-22
海滩排球赛,体育类,2023-11-22
极简乒乓,敏捷篇,2023-11-22
镇魂街：武神觉醒,动作类,2023-11-22
建造村庄,休闲类,2023-11-22
马桶人大战,射击类,2023-11-22
万圣节度假屋逃脱,益智类,2023-11-21
4399冰火启示录,冒险类,2023-11-21
枪魂,射击类,2023-11-21
森林鹿逃脱,益智类,2023-11-21
万圣夜学生逃脱,益智类,2023-11-21
人生轨迹模拟器,休闲类,2023-11-21
救援莉莉的朋友,益智类,2023-11-21
父女生存记3,冒险类,2023-11-21
分裂射击,射击类,2023-11-21
堡垒防卫战2,策略类,2023-11-21
通电点亮灯泡,益智类,2023-11-21
救援火柴人卡拉布,益智类,2023-11-21
丛林超级炸弹人,休闲类,2023-11-21
植物变异大招版,策略类,2023-11-21
拯救拿花的姑娘,益智类,2023-11-21
可爱眼镜猴逃脱,益智类,2023-11-21
困在笼子里的鹤,益智类,2023-11-21
逗小猴开心系列819,益智类,2023-11-21
打字母灭敌,敏捷篇,2023-11-21
梦幻海岛物语,休闲类,2023-11-21
救援善良的狼,益智类,2023-11-21
失落的海底王国,益智类,2023-11-21
挖掘机模拟驾驶,体育类,2023-11-20
泡泡水果,益智类,2023-11-20
保护大树,策略类,2023-11-20
香肠人射击,射击类,2023-11-20
汉字高手,益智类,2023-11-20
救援萝卜男孩,益智类,2023-11-20
寻找音乐教室的钥匙,益智类,2023-11-20
小小挖矿记,休闲类,2023-11-20
再次移动,益智类,2023-11-20
万圣节的麻烦,益智类,2023-11-20
重型卡车老司机,体育类,2023-11-20
逃离边陲小城镇,益智类,2023-11-20
时尚服装比拼,装扮类,2023-11-20
精准移物,益智类,2023-11-20
小方块大跳跃,敏捷篇,2023-11-20
4399小小突击队,射击类,2023-11-20
拯救万圣黑猫,益智类,2023-11-19
拯救灰鸽子,益智类,2023-11-19
蓝鸟丛林逃脱,益智类,2023-11-19
营救岩鸽,益智类,2023-11-19
万圣夜南瓜寻女友,益智类,2023-11-19
寻配方碎片,益智类,2023-11-19
勇往直前的鱼,敏捷篇,2023-11-19
海滩人鱼逃脱,益智类,2023-11-19
救援七玄琴鸟,益智类,2023-11-19
寻找理发师,益智类,2023-11-19
拯救灰熊,益智类,2023-11-19
点亮细胞,益智类,2023-11-19
合成弹珠,射击类,2023-11-19
寻找丢失的羽毛,益智类,2023-11-19
救援凶猛的老虎,益智类,2023-11-19
放逐魔法,益智类,2023-11-19
秘密大庄园,益智类,2023-11-19
救援灯泡工人,益智类,2023-11-18
危险的书页,益智类,2023-11-18
救援无家可归的鸟,益智类,2023-11-18
卡车老司机越野,体育类,2023-11-18
抓获偷马贼,益智类,2023-11-18
救援道达尔,益智类,2023-11-18
罗茜制作玉米卷,装扮类,2023-11-18
巫师的补救措施,益智类,2023-11-18
危险丛林小道逃脱,益智类,2023-11-18
老鼠逃离猫林,益智类,2023-11-18
4399三国群英传,策略类,2023-11-18
小学生旅游逃脱,益智类,2023-11-17
第七坦克装甲师,射击类,2023-11-17
欢乐对决,策略类,2023-11-17
像素龙冲刺,敏捷篇,2023-11-17
去吧保龄球2,敏捷篇,2023-11-17
蜜袋鼯逃脱,益智类,2023-11-17
斗牛逃脱,益智类,2023-11-17
寻找爷爷的惊喜,益智类,2023-11-17
营救小狮子,益智类,2023-11-17
阿Sue珠宝店H5,休闲类,2023-11-17
救援卷心菜小怪,益智类,2023-11-17
叔叔的遗嘱,益智类,2023-11-17
机甲恐龙荣耀,射击类,2023-11-17
救援帅气的爷爷,益智类,2023-11-17
医院改造,益智类,2023-11-17
救出食火鸟,益智类,2023-11-17
即将超时,益智类,2023-11-17
魔法庄园的秘密,益智类,2023-11-17
暴切水果,敏捷篇,2023-11-17
仙途大冒险,射击类,2023-11-17
可爱的妮可,装扮类,2023-11-17
巴士运输模拟器,体育类,2023-11-17
淘气姑娘逃脱,益智类,2023-11-17
逃离海鲜餐厅,益智类,2023-11-17
没腿玩个球,敏捷篇,2023-11-17
萌萌的赛道,休闲类,2023-11-16
合成植物战僵尸,益智类,2023-11-16
魔鬼数独,益智类,2023-11-16
宝石采矿大亨,休闲类,2023-11-16
逃离危险动物群,益智类,2023-11-16
果冻太空猫,益智类,2023-11-16
逃离宝藏密室,益智类,2023-11-16
危险世界大冒险,冒险类,2023-11-16
昏暗儿童房逃生139,益智类,2023-11-16
阿sue来做烤薯条H5,休闲类,2023-11-16
六界召唤师,休闲类,2023-11-16
女程序员逃脱,益智类,2023-11-16
锦绣攻略,装扮类,2023-11-16
救援厨师猫利奥,益智类,2023-11-16
疯狂动物足球赛,体育类,2023-11-16
寻找毯子,益智类,2023-11-16
扫雷掘金,益智类,2023-11-16
天使恶魔对抗赛,敏捷篇,2023-11-16
野狼与山羊模拟,冒险类,2023-11-16
方块人枪战,射击类,2023-11-16
逃离简易房屋133,益智类,2023-11-16
迷人的秘密,益智类,2023-11-16
困在森林的仓鼠,益智类,2023-11-16
数字魔力之韵,益智类,2023-11-16
方块变形挑战,敏捷篇,2023-11-16
发现火灾,益智类,2023-11-16
不要坑爹,益智类,2023-11-16
逃离简易房屋137,益智类,2023-11-16
逃离雾气森林,益智类,2023-11-16
舒舒学做寿司,装扮类,2023-11-16
和平荣耀末日枪战,射击类,2023-11-16
寻找宇宙书籍,益智类,2023-11-16
家具城开业,益智类,2023-11-16
和平荣耀荒野枪战,射击类,2023-11-15
寻找遗落的钱币,益智类,2023-11-15
拯救笼中法斗狗,益智类,2023-11-15
多人大鱼吃小鱼,敏捷篇,2023-11-15
300大作战,策略类,2023-11-15
蜗牛寻女友,益智类,2023-11-15
拯救笼中金刚,益智类,2023-11-15
生存大冒险2,冒险类,2023-11-15
像素世界绳索挑战,敏捷篇,2023-11-15
救援江湖郎中,益智类,2023-11-15
脑洞无尽大,益智类,2023-11-15
逃出神奇洞穴,益智类,2023-11-15
最后的冒险,冒险类,2023-11-15
高尔夫球手逃脱,益智类,2023-11-15
一念结金丹,益智类,2023-11-15
逃出花园迷宫,益智类,2023-11-15
逗小猴开心系列818,益智类,2023-11-15
失业生活模拟器,休闲类,2023-11-15
罗茜制作甜甜圈,装扮类,2023-11-15
逃离梦中火车,益智类,2023-11-15
创意盛宴,益智类,2023-11-15
寻找斑马玩具,益智类,2023-11-15
星球：重启,动作类,2023-11-15
火柴人精准投放,益智类,2023-11-15
超级特技车,体育类,2023-11-15
4399少年江山,动作类,2023-11-14
法老的诅咒术,益智类,2023-11-14
救援自行车运动员,益智类,2023-11-14
隐形的药水,益智类,2023-11-14
时尚的羽绒服,装扮类,2023-11-14
护我金丹,益智类,2023-11-14
拯救被抓的姑娘,益智类,2023-11-14
逃离龙装饰房屋,益智类,2023-11-14
像素恐龙荒野生存,冒险类,2023-11-14
恐龙岛荒野生存,冒险类,2023-11-14
4399傲战无双,冒险类,2023-11-14
野生老虎模拟器,冒险类,2023-11-14
勇往向前冲,敏捷篇,2023-11-14
狂暴怪兽,动作类,2023-11-14
救援邪恶的萨满,益智类,2023-11-14
迷你足球杯,体育类,2023-11-14
维京人逃生记3,冒险类,2023-11-14
昏暗儿童房逃生143,益智类,2023-11-14
逃离起重机,益智类,2023-11-14
逃离老人住宅,益智类,2023-11-14
一笔画五子棋,益智类,2023-11-14
救援小黑猪,益智类,2023-11-14
形状转换挑战,敏捷篇,2023-11-14
逗小猴开心系列817,益智类,2023-11-14
力量英雄战士,敏捷篇,2023-11-14
英雄连城,休闲类,2023-11-13
困在笼里的小狗,益智类,2023-11-13
粉红色房子逃脱,益智类,2023-11-13
古代大都市,益智类,2023-11-13
最牛魔法师,冒险类,2023-11-13
帮助受伤的姑娘,益智类,2023-11-13
小猫咪逃脱,益智类,2023-11-13
冠军淘汰赛,益智类,2023-11-13
分手后的蜕变,装扮类,2023-11-13
救援部落情侣,益智类,2023-11-13
机甲拳击赛,动作类,2023-11-13
荒凉小屋,益智类,2023-11-13
困在笼里的猎豹,益智类,2023-11-13
荒废的轨道,益智类,2023-11-13
油漆枪射击,射击类,2023-11-13
尤金的冒险之旅,冒险类,2023-11-13
小兵你别狂,射击类,2023-11-12
数字砖块移动,益智类,2023-11-12
立体找不同,益智类,2023-11-12
看不见的真相,益智类,2023-11-12
饥饿的小男孩逃跑,益智类,2023-11-12
昏暗儿童房逃生141,益智类,2023-11-12
蓝莓快打水果,益智类,2023-11-12
方块滑消消,益智类,2023-11-12
闺蜜相约钓鱼,装扮类,2023-11-12
就挺秃然的,益智类,2023-11-12
郊外徒步大逃脱,益智类,2023-11-12
金币冲冲冲,敏捷篇,2023-11-12
万圣夜寻戒指,益智类,2023-11-12
急速滚球,敏捷篇,2023-11-12
男孩逃离狼窝3,益智类,2023-11-12
寻找肉馅饼,益智类,2023-11-12
混沌求生,射击类,2023-11-12
男孩逃离狼窝2,益智类,2023-11-12
男孩逃离狼窝,益智类,2023-11-12
生命的飞跃,冒险类,2023-11-11
救援摇滚明星艾伦,益智类,2023-11-11
阿sue番茄工厂H5,休闲类,2023-11-11
人鱼逃脱,益智类,2023-11-11
我有一个小恐龙,休闲类,2023-11-11
农夫拯救美人鱼,益智类,2023-11-11
丛林之路逃脱,益智类,2023-11-11
模拟机场管理,休闲类,2023-11-11
珍惜的时刻,益智类,2023-11-11
寻找宠爱小狗,益智类,2023-11-11
昏暗儿童房逃生138,益智类,2023-11-11
复兴之路,益智类,2023-11-11
昏暗儿童房逃生135,益智类,2023-11-11
摩洛哥迷宫,益智类,2023-11-11
寿司挑战,敏捷篇,2023-11-11
三人坦克吃鸡大赛2,射击类,2023-11-11
树懒大逃脱,益智类,2023-11-11
拯救被困的狼,益智类,2023-11-11
霓虹球挑战,益智类,2023-11-10
梦中姑娘逃离火车,益智类,2023-11-10
永恒部落,策略类,2023-11-10
逃离简易房屋134,益智类,2023-11-10
麻将世界,益智类,2023-11-10
寻找金牌,益智类,2023-11-10
猴哥去哪儿,策略类,2023-11-10
逃离简易房屋136,益智类,2023-11-10
武圣三国,策略类,2023-11-10
超级解压馆,益智类,2023-11-10
幽灵女巫,冒险类,2023-11-10
擦除多余,益智类,2023-11-10
球球来回跳跳,敏捷篇,2023-11-10
逃离简易房屋132,益智类,2023-11-10
彩色板块跳动,敏捷篇,2023-11-10
无敌变形战士,益智类,2023-11-10
寻找女同事,益智类,2023-11-10
僵尸披萨店,射击类,2023-11-10
营救顽皮的狒狒,益智类,2023-11-10
野生动物森林逃脱,益智类,2023-11-10
寻找阿尔贝托,益智类,2023-11-10
夜半门开,益智类,2023-11-10
小助理的需求,益智类,2023-11-10
救援可爱的喜鹊鸟,益智类,2023-11-10
公主请找茬,益智类,2023-11-10
精灵的经历,益智类,2023-11-10
拯救小麻雀,益智类,2023-11-10
茜茜制作华夫饼,装扮类,2023-11-10
叔叔的大农场,益智类,2023-11-10
逃离荷叶池塘,益智类,2023-11-09
滚球大比拼,敏捷篇,2023-11-09
完蛋了我被包围了,敏捷篇,2023-11-09
抓呀抓呀抓,益智类,2023-11-09
昆虫大战,策略类,2023-11-09
文字大找茬,益智类,2023-11-09
塔在我就在,射击类,2023-11-09
小乌龟大逃脱,益智类,2023-11-09
橙色百合拼图,益智类,2023-11-09
他是外星人,益智类,2023-11-09
白色北极熊逃脱,益智类,2023-11-09
松鼠计数,益智类,2023-11-09
废弃的老房子逃脱,益智类,2023-11-09
一起推雪球,敏捷篇,2023-11-09
滚球大世界,敏捷篇,2023-11-09
救援咆哮的小狗,益智类,2023-11-09
部落之战,策略类,2023-11-09
寻找迷失的熊猫,益智类,2023-11-09
防御方块岛,策略类,2023-11-09
拯救被困的骆驼,益智类,2023-11-09
逗小猴开心系列816,益智类,2023-11-09
远古灵域,休闲类,2023-11-08
4399异能都市,冒险类,2023-11-08
文字大玩家,益智类,2023-11-08
魔法公主穿搭,装扮类,2023-11-08
救援僵尸大师,益智类,2023-11-08
电影展览会,益智类,2023-11-08
救援野生猫头鹰,益智类,2023-11-08
魔法王国,益智类,2023-11-08
我当帝王来寻欢,休闲类,2023-11-08
逃离雪地火车轨道,益智类,2023-11-08
总统大套房,益智类,2023-11-08
火线精英2,射击类,2023-11-08
昏暗儿童房逃生140,益智类,2023-11-08
宇航员跳跃,敏捷篇,2023-11-08
寻找骆驼奶,益智类,2023-11-08
空中抓杆,敏捷篇,2023-11-08
堆叠飞行,敏捷篇,2023-11-08
长生祭,益智类,2023-11-08
帮助哭泣的苹果,益智类,2023-11-08
情侣鸽子逃脱,益智类,2023-11-08
樱桃变西瓜,益智类,2023-11-08
暴走猛鬼乐园,模拟经营,2023-11-08
冬青的假日生活,休闲类,2023-11-08
切菜狂人,策略类,2023-11-07
台球王者,体育类,2023-11-07
狙打的贼准,射击类,2023-11-07
神秘古庙逃脱,益智类,2023-11-07
彩虹桥大作战,射击类,2023-11-07
寻找丢失的电动车,益智类,2023-11-07
救救狗狗吧,敏捷篇,2023-11-07
罗比点球,敏捷篇,2023-11-07
阿拉德勇者,动作类,2023-11-07
制作不同的披萨,休闲类,2023-11-07
黄金矿工大闯关,冒险类,2023-11-07
寻找小丑阿伦,益智类,2023-11-07
火柴人角色互换战,射击类,2023-11-07
我要回冰箱,益智类,2023-11-07
一剑开天门,休闲类,2023-11-07
装甲炮车,休闲类,2023-11-07
深海潜行,敏捷篇,2023-11-07
救援狐狸兄弟,益智类,2023-11-07
寻找丢失的卡车,益智类,2023-11-07
时光之花,策略类,2023-11-07
逗小猴开心系列815,益智类,2023-11-07
逃离荒废的机舱,益智类,2023-11-07
万圣夜穿搭,装扮类,2023-11-06
爱做冰淇淋,敏捷篇,2023-11-06
银河系探险,益智类,2023-11-06
昏暗儿童房逃生133,益智类,2023-11-06
山地庄园,益智类,2023-11-06
寻找蝴蝶姑娘米亚,益智类,2023-11-06
困在谷仓的公鸡,益智类,2023-11-06
神话之河,益智类,2023-11-06
花仙子逃脱,益智类,2023-11-06
独闯地牢的螃蟹,冒险类,2023-11-06
火炮漫游,射击类,2023-11-06
日月食挑战,敏捷篇,2023-11-06
营救长尾鹦鹉,益智类,2023-11-06
4399维京传奇,冒险类,2023-11-06
漆黑密室,冒险类,2023-11-06
魔猎射手,射击类,2023-11-06
重生之路,休闲类,2023-11-05
时尚小富婆,敏捷篇,2023-11-05
精准投篮,体育类,2023-11-05
救援有趣的小猪,益智类,2023-11-05
逃离无人居住的别墅,益智类,2023-11-05
参加历史博物馆,益智类,2023-11-05
抵御病原星人,策略类,2023-11-05
古老的海洋传说,益智类,2023-11-05
无限翻转像素摩托,体育类,2023-11-05
红球飞跃,敏捷篇,2023-11-05
逃离海边风景房,益智类,2023-11-05
逃离简易房屋131,益智类,2023-11-05
丢失的自行车钥匙,益智类,2023-11-05
拯救被困的小乌鸦,益智类,2023-11-05
待在安全区,敏捷篇,2023-11-04
逃离黑暗的小屋,益智类,2023-11-04
逃离紧闭足球场,益智类,2023-11-04
逃离苹果园,益智类,2023-11-04
SUE做料理H5,休闲类,2023-11-04
宁静的蝴蝶林逃脱,益智类,2023-11-04
机器鲸护飞船,射击类,2023-11-04
救援果鸽,益智类,2023-11-04
秘密工厂,益智类,2023-11-04
解救小鸟儿,益智类,2023-11-04
健身房的奥秘,益智类,2023-11-04
救援白色母鸡,益智类,2023-11-04
雨林宝藏,益智类,2023-11-04
逃离丛林房屋,益智类,2023-11-04
万圣夜发型挑战,装扮类,2023-11-04
火柴人挑战大赛,敏捷篇,2023-11-04
隐藏通道逃脱,益智类,2023-11-03
做个拿手菜,益智类,2023-11-03
神秘洞穴探险,益智类,2023-11-03
数学计算合并,益智类,2023-11-03
经营美容院H5,模拟经营,2023-11-03
天天爱萌宠,冒险类,2023-11-03
帮助兔司机逃脱,益智类,2023-11-03
救援黄金飞虫,益智类,2023-11-03
可爱小狗快逃离,益智类,2023-11-03
寻找丢失的橙子,益智类,2023-11-03
道地茶坊H5,休闲类,2023-11-03
废弃车间逃脱,益智类,2023-11-03
逃离村门口,益智类,2023-11-03
战斗机突围战,射击类,2023-11-03
神秘幽灵,益智类,2023-11-03
超级清洁服务,益智类,2023-11-03
救援调酒师,益智类,2023-11-03
梦幻岛的旅途,益智类,2023-11-03
救援葵花鹦鹉,益智类,2023-11-03
被遗忘的生物,益智类,2023-11-03
寻找姑娘的雕像,益智类,2023-11-03
危险幽灵森林逃脱,益智类,2023-11-02
逃离草地风景区,益智类,2023-11-02
男子逃离村庄,益智类,2023-11-02
王国守卫战2,射击类,2023-11-02
盒中男孩取钻石,益智类,2023-11-02
鬼脸小怪的趣事,益智类,2023-11-02
蘑菇林大逃脱,益智类,2023-11-02
劳动节逃出房屋2,益智类,2023-11-02
小蘑菇生存,冒险类,2023-11-02
战机射击,射击类,2023-11-02
橙色小鸟逃脱,益智类,2023-11-02
像素网球对决,体育类,2023-11-02
寻找主密码,益智类,2023-11-02
时尚遮腿袜,装扮类,2023-11-02
救援葵花鹦鹉,益智类,2023-11-03
被遗忘的生物,益智类,2023-11-03
寻找姑娘的雕像,益智类,2023-11-03
危险幽灵森林逃脱,益智类,2023-11-02
逃离草地风景区,益智类,2023-11-02
男子逃离村庄,益智类,2023-11-02
王国守卫战2,射击类,2023-11-02
盒中男孩取钻石,益智类,2023-11-02
鬼脸小怪的趣事,益智类,2023-11-02
蘑菇林大逃脱,益智类,2023-11-02
劳动节逃出房屋2,益智类,2023-11-02
小蘑菇生存,冒险类,2023-11-02
战机射击,射击类,2023-11-02
橙色小鸟逃脱,益智类,2023-11-02
像素网球对决,体育类,2023-11-02
寻找主密码,益智类,2023-11-02
时尚遮腿袜,装扮类,2023-11-02
救援红色外星人,益智类,2023-11-02
另类的收藏品,益智类,2023-11-02
救出被诅咒的鸽子,益智类,2023-11-02
窃窃私语,益智类,2023-11-02
爆破小矿工2,冒险类,2023-11-02
跳跃的线条,敏捷篇,2023-11-02
救出杰克,益智类,2023-11-01
中毒圣杯,益智类,2023-11-01
孤独的雪兽,敏捷篇,2023-11-01
诅咒的柠檬逃脱,益智类,2023-11-01
寻找杰克夫妇,益智类,2023-11-01
沙漠岩石山逃脱,益智类,2023-11-01
救出豪猪,益智类,2023-11-01
炼狱世界,射击类,2023-11-01
疯狂的天空战役,射击类,2023-11-01
拯救池中的车子,益智类,2023-11-01
贝壳拼图,益智类,2023-11-01
脏乱的超市,体育类,2023-11-01
苹果派配送员,敏捷篇,2023-11-01
小老鼠逃难记,益智类,2023-11-01
营救笼中火鸡,益智类,2023-11-01
荒岛求生3D,冒险类,2023-11-01
猎物神射手,射击类,2023-11-01
救援金鹰,益智类,2023-11-01
逗小猴开心系列814,益智类,2023-11-01
守护火种,冒险类,2023-11-01
逃离简易房屋130,益智类,2023-10-31
万圣节前夕准备,益智类,2023-10-31
救援牛头犬,益智类,2023-10-31
大电影试镜,益智类,2023-10-31
半人马公主,装扮类,2023-10-31
解救饥饿的鸟,益智类,2023-10-31
老旧钟楼,益智类,2023-10-31
昏暗儿童房逃生137,益智类,2023-10-31
小可爱爱咕卡,休闲类,2023-10-31
生命的意义,冒险类,2023-10-31
火柴人飞行者,益智类,2023-10-31
逃离火龙果地,益智类,2023-10-31
站立的小狗,益智类,2023-10-31
寻找丢失的鞋,益智类,2023-10-31
记忆牌翻翻看,益智类,2023-10-31
戈多归来,射击类,2023-10-31
魔法男孩逃离丛林,益智类,2023-10-31
最后的仙门,策略类,2023-10-31
旅游逃脱2,益智类,2023-10-31
音乐之战,动作类,2023-10-31
营救玉米,益智类,2023-10-30
被困蜜蜂逃跑,益智类,2023-10-30
营救军事将领,益智类,2023-10-30
逃离简易房屋128,益智类,2023-10-30
闹鬼的藏身处,益智类,2023-10-30
冉冉的条纹衣,装扮类,2023-10-30
寻找玩具鱼,益智类,2023-10-30
超常生产,益智类,2023-10-30
救援壮硕的熊,益智类,2023-10-30
诡异的装饰,益智类,2023-10-30
逗小猴开心系列813,益智类,2023-10-30
断开连接点,益智类,2023-10-30
救出小猪仔,益智类,2023-10-30
可爱动物绳索挑战,敏捷篇,2023-10-30
超能袋子男孩,益智类,2023-10-30
收集披萨馅,敏捷篇,2023-10-29
原始人逃出城堡,益智类,2023-10-29
四张图猜单词,益智类,2023-10-29
闪耀的宫殿逃脱,益智类,2023-10-29
两点相连,益智类,2023-10-29
神秘古代废墟逃脱,益智类,2023-10-29
钻石俄罗斯方块,益智类,2023-10-29
可爱公主大逃脱,益智类,2023-10-29
太空攻击,射击类,2023-10-29
营救灌木兔,益智类,2023-10-28
迷宫地牢逃脱,益智类,2023-10-28
剑客之路,敏捷篇,2023-10-28
不可能的闯关,敏捷篇,2023-10-28
救援金刚鹦鹉夫妇,益智类,2023-10-28
经营大排档H5,休闲类,2023-10-28
逃离大型洞穴,益智类,2023-10-28
小黑花花闯城堡H5,冒险类,2023-10-28
救援恐鸟,益智类,2023-10-28
寻找狮子王冠,益智类,2023-10-28
德鲁伊森林,益智类,2023-10-28
蝴蝶家族逃脱,益智类,2023-10-27
领居丢失的物品,益智类,2023-10-27
遗失的餐具,益智类,2023-10-27
万圣装扮,装扮类,2023-10-27
我是侦探高手,益智类,2023-10-27
寻找企鹅玩偶,益智类,2023-10-27
雪豹大逃脱,益智类,2023-10-27
松鼠逃离农场,益智类,2023-10-27
拯救笼中姑娘,益智类,2023-10-27
宇宙时钟陆地逃脱,益智类,2023-10-27
的士师傅,敏捷篇,2023-10-27
背包大侠,敏捷篇,2023-10-27
攀岩大赛,敏捷篇,2023-10-27
寻找遗失的手机,益智类,2023-10-27
韦氏鸫莺逃脱,益智类,2023-10-27
智慧拼箱子,益智类,2023-10-27
寻找歌手萨姆,益智类,2023-10-27
逃离奇幻景观,益智类,2023-10-27
旅途英雄,策略类,2023-10-27
寻找下水道盖板,益智类,2023-10-27
丢失在公园的钱包,益智类,2023-10-27
三国很忙,策略类,2023-10-26
寻找盛装的男孩,益智类,2023-10-26
指尖投篮,敏捷篇,2023-10-26
地下隧道大逃脱,益智类,2023-10-26
南瓜噩梦,敏捷篇,2023-10-26
救援埃莉诺,益智类,2023-10-26
甲板清洁工,益智类,2023-10-26
方块世界大爆破3,益智类,2023-10-26
营救皇家动物,益智类,2023-10-26
小恐龙逃离,益智类,2023-10-26
救援工作人员,益智类,2023-10-26
方块球球,益智类,2023-10-26
拼接英语单词,益智类,2023-10-26
逃离工地,益智类,2023-10-26
新生的奥秘,益智类,2023-10-26
救助受困的鱼,射击类,2023-10-26
摆动蜘蛛过障碍,敏捷篇,2023-10-26
水疗中心的服务,益智类,2023-10-26
露西四季时尚达人,装扮类,2023-10-26
下水道逃脱,益智类,2023-10-26
从前时光,益智类,2023-10-26
幽灵酒馆,益智类,2023-10-26
美丽蝴蝶大逃脱,益智类,2023-10-26
NBA英雄,体育类,2023-10-25
救援小海豚,益智类,2023-10-25
盒子的秘密,益智类,2023-10-25
拯救笼中白母鸡,益智类,2023-10-25
天空探险队,益智类,2023-10-25
可爱小马逃脱,益智类,2023-10-25
圆球华容道,益智类,2023-10-25
逃离景区河流,益智类,2023-10-25
火柴人出逃记,益智类,2023-10-25
给客人做饭H5,休闲类,2023-10-25
拯救笼中小猪,益智类,2023-10-25
红方块闯迷宫,益智类,2023-10-25
保护我的南瓜,益智类,2023-10-25
救援名人夫妇,益智类,2023-10-25
小黑花花射飞镖H5,益智类,2023-10-25
拯救狞猫,益智类,2023-10-25
寻找心理医生,益智类,2023-10-25
寻找汽车钥匙,益智类,2023-10-25
绵羊过障碍,敏捷篇,2023-10-25
逗小猴开心系列812,益智类,2023-10-25
音乐笔记,益智类,2023-10-25
深渊契约,冒险类,2023-10-24
海岛小分队,休闲类,2023-10-24
村庄洞穴逃脱,益智类,2023-10-24
逃离简易房屋129,益智类,2023-10-24
夏季露营探险,休闲类,2023-10-24
救援草裙姑娘,益智类,2023-10-24
神秘空间站,益智类,2023-10-24
前期准备工作,益智类,2023-10-24
鸟群贪吃蛇,敏捷篇,2023-10-24
暴走金箍棒,动作类,2023-10-24
花朵壁画屋逃脱,益智类,2023-10-24
信徒,策略类,2023-10-24
逃离沙漠地区,益智类,2023-10-24
玫瑰仙境逃脱,益智类,2023-10-24
逃离薄雾森林,益智类,2023-10-24
双人激战3D,射击类,2023-10-24
救出小马,益智类,2023-10-24
公路赛车挑战,敏捷篇,2023-10-24
宇宙猫生存,射击类,2023-10-24
逃离魔法锅屋,益智类,2023-10-24
拯救孔雀龙,益智类,2023-10-24
红腹灰雀逃脱,益智类,2023-10-23
火柴人升阶战,益智类,2023-10-23
狂野大冒险,敏捷篇,2023-10-23
寻找结婚礼服,益智类,2023-10-23
一笔画出来,益智类,2023-10-23
救援暹罗猫,益智类,2023-10-23
奇妙的化妆术,装扮类,2023-10-23
逗小猴开心系列811,益智类,2023-10-23
纸杯蛋糕的线索,益智类,2023-10-23
目的地之谜,益智类,2023-10-23
找到海港走私者,益智类,2023-10-23
暴打小僵尸,射击类,2023-10-23
山鹿逃出山谷,益智类,2023-10-23
维京人逃生记2,冒险类,2023-10-23
隧道冲击,敏捷篇,2023-10-23
昏暗儿童房逃生130,益智类,2023-10-22
沉没的宝藏2,益智类,2023-10-22
古墓诡影,益智类,2023-10-22
迷路的猫,益智类,2023-10-22
管道冒险,冒险类,2023-10-22
色彩小球转换,敏捷篇,2023-10-22
荒野狩猎,射击类,2023-10-22
绵羊家族逃脱,益智类,2023-10-22
救援美人鱼模仿者,益智类,2023-10-21
汉字消方块,益智类,2023-10-21
混乱的化学家,益智类,2023-10-21
暗黑系公主婚礼,装扮类,2023-10-21
逃离荒废的营地,益智类,2023-10-21
小猪消消,益智类,2023-10-21
老城区酒吧,益智类,2023-10-21
封印魔法之门,益智类,2023-10-21
寻找美容师,益智类,2023-10-21
挪了个车,益智类,2023-10-21
儿童洗衣房,装扮类,2023-10-21
昏暗儿童房逃生134,益智类,2023-10-21
双人PK挑战,休闲类,2023-10-21
小飞象逃脱,益智类,2023-10-20
寻找滑冰男孩,益智类,2023-10-20
首席医生救援,益智类,2023-10-20
乌鸦森林大逃脱,益智类,2023-10-20
制作甜披萨的楠楠,装扮类,2023-10-20
梦想海岛王,休闲类,2023-10-20
剑镇三界,冒险类,2023-10-20
布置我的别墅,休闲类,2023-10-20
西瓜拼接,益智类,2023-10-20
守墓人,益智类,2023-10-20
救援金色鸭子,益智类,2023-10-20
蘑菇兄弟,冒险类,2023-10-20
救援华丽的小姑娘,益智类,2023-10-20
热带麻将,益智类,2023-10-20
烧脑大挑战合集,益智类,2023-10-20
营救男子,益智类,2023-10-20
田野之间,益智类,2023-10-20
闪亮少女换装,装扮类,2023-10-20
救援时尚的蜘蛛侠,益智类,2023-10-20
被诅咒的电影院,益智类,2023-10-20
阳光大花园,益智类,2023-10-20
4399天堂之刃,冒险类,2023-10-20
老六别坑了,益智类,2023-10-20
黑暗的窄屋逃脱,益智类,2023-10-20
逃离简易房屋127,益智类,2023-10-20
僵尸兄弟闯密室3,益智类,2023-10-20
寻找茄子玩具,益智类,2023-10-19
昏暗儿童房逃生129,益智类,2023-10-19
逃离森林的爱情鸟,益智类,2023-10-19
寻找公主雕像,益智类,2023-10-19
英勇营救姑娘,益智类,2023-10-19
逃离迷人的花园,益智类,2023-10-19
快乐男孩亨利逃脱,益智类,2023-10-19
自然森林大逃脱,益智类,2023-10-19
逃离橄榄树园,益智类,2023-10-19
棕色母鸡逃脱,益智类,2023-10-19
翻转吧剧情,益智类,2023-10-19
营救学生,益智类,2023-10-19
逃离顶尖音乐会,益智类,2023-10-19
救援一对猫,益智类,2023-10-19
救援兽人战士,益智类,2023-10-19
城堡的大秘密,益智类,2023-10-19
时尚女学生穿搭,装扮类,2023-10-19
流浪的星球,敏捷篇,2023-10-19
合并战兵2048,敏捷篇,2023-10-19
鲜花城堡,益智类,2023-10-19
最后一件,益智类,2023-10-19
烧脑大师,益智类,2023-10-19
寻找气球姑娘,益智类,2023-10-19
葫芦娃各显神通,策略类,2023-10-18
停车我最强,体育类,2023-10-18
寻找游戏玩具,益智类,2023-10-18
救援工作人员约翰,益智类,2023-10-18
寻找飞马的翅膀,益智类,2023-10-18
吃火锅H5,敏捷篇,2023-10-18
布鲁姆吉城堡,射击类,2023-10-18
狐狸逃出沙漠,益智类,2023-10-18
开澡堂H5,模拟经营,2023-10-18
营救笼中狮子,益智类,2023-10-18
飞机极限着陆,体育类,2023-10-18
部落男人逃脱,益智类,2023-10-18
营救花栗鼠,益智类,2023-10-18
逃离趣味冒险屋,益智类,2023-10-18
寻找企鹅伙伴,益智类,2023-10-18
机器人修复师,冒险类,2023-10-18
寻找长生不老药水,益智类,2023-10-18
救出小白兔,益智类,2023-10-18
逗小猴开心系列810,益智类,2023-10-18
克服心中恐惧,益智类,2023-10-18
盛开的樱花树,益智类,2023-10-18
逃出诡异之地,益智类,2023-10-17
拯救笼中爱鸟,益智类,2023-10-17
野生袋鼠救援,益智类,2023-10-17
寻找喜爱的裙子,益智类,2023-10-17
西部牛仔大逃脱,益智类,2023-10-17
救援虎猫,益智类,2023-10-17
黄鸟救援,益智类,2023-10-17
抵御怪物入侵,策略类,2023-10-17
寻找狮子王,益智类,2023-10-17
菜鸟小忍者,休闲类,2023-10-17
飞天战机,射击类,2023-10-17
辛巴找水,益智类,2023-10-17
双枪牛仔,射击类,2023-10-17
合成射击,射击类,2023-10-17
校园阴影,益智类,2023-10-17
荒野生存模拟,冒险类,2023-10-17
初秋时尚穿搭,装扮类,2023-10-17
面具进化,敏捷篇,2023-10-17
快打僵尸H5,动作类,2023-10-17
姑娘的约会夜,装扮类,2023-10-17
蚂蚁逃离,益智类,2023-10-17
小黑花花糖果砸巫婆H5,射击类,2023-10-16
逗小猴开心系列809,益智类,2023-10-16
回响的街道,益智类,2023-10-16
快速改道,益智类,2023-10-16
秘密的庄园,益智类,2023-10-16
价值连城的文物,益智类,2023-10-16
兔宝大闯关2,冒险类,2023-10-16
忍者跳跳跳,敏捷篇,2023-10-16
娜娜的美式早餐,装扮类,2023-10-16
救出受困的居民9,益智类,2023-10-16
山湖景观逃脱,益智类,2023-10-16
逃出堡垒,益智类,2023-10-15
美好的风景,益智类,2023-10-15
老旧的西部,益智类,2023-10-15
神秘的沙丘,益智类,2023-10-15
制作阿拉伯羊肉饭,休闲类,2023-10-15
小黑花花吃冰棒H5,敏捷篇,2023-10-15
小小矿商,休闲类,2023-10-15
母亲的生日蛋糕,休闲类,2023-10-15
救出小狐狸,益智类,2023-10-15
疯狂打螺丝,休闲类,2023-10-15
寻找西瓜玩具,益智类,2023-10-15
救出受伤的兔子8,益智类,2023-10-15
拯救小母鸡,益智类,2023-10-15
救出吉娃娃,益智类,2023-10-14
逃出万圣派对屋,益智类,2023-10-14
庄园客房逃脱,益智类,2023-10-14
逃离花园迷宫,益智类,2023-10-14
可爱男孩大逃脱,益智类,2023-10-14
救援神秘的狩猎者,益智类,2023-10-14
古代阿兹特克神庙,益智类,2023-10-14
赶上公共汽车,益智类,2023-10-14
迷失在魔法森林,益智类,2023-10-14
昏暗儿童房逃生132,益智类,2023-10-14
海边救援,益智类,2023-10-14
神秘时钟逃脱,益智类,2023-10-14
击倒人塔,射击类,2023-10-13
紫锥花拼图,益智类,2023-10-13
拯救笼中仓鼠,益智类,2023-10-13
无人托儿所逃脱,益智类,2023-10-13
皇家山羊救援,益智类,2023-10-13
寻找雪女,益智类,2023-10-13
寻找神秘时钟,益智类,2023-10-13
奶昔小怪拼图,益智类,2023-10-13
荒野吃鸡,射击类,2023-10-13
营救被困的男子,益智类,2023-10-13
弹跳小球快跑,敏捷篇,2023-10-13
逃离自然丛林,益智类,2023-10-13
三只小熊寻宝记,敏捷篇,2023-10-13
救出受困的大象6,益智类,2023-10-13
逃离隐秘处,益智类,2023-10-13
规则怪谈真相,益智类,2023-10-13
逃离危险的木屋,益智类,2023-10-13
玩梗了解一下,益智类,2023-10-13
童话之书,益智类,2023-10-13
大型生日会,益智类,2023-10-13
城堡地窖,益智类,2023-10-13
夏威夷风服饰,装扮类,2023-10-13
关不住我吧,益智类,2023-10-12
无辜男孩花园逃脱,益智类,2023-10-12
末日危城,策略类,2023-10-12
拯救粉红螃蟹,益智类,2023-10-12
林鸱大逃脱,益智类,2023-10-12
双人末日求生,冒险类,2023-10-12
炮打冰块,射击类,2023-10-12
消失的秘密,益智类,2023-10-12
太空人大乱斗,射击类,2023-10-12
拯救岸上小鱼,益智类,2023-10-12
寻找厨娘,益智类,2023-10-12
失踪钱袋之谜,益智类,2023-10-12
笼中小猪逃脱,益智类,2023-10-12
眼力达人,益智类,2023-10-12
失踪的男演员,益智类,2023-10-12
秘密庄园,益智类,2023-10-12
逃出猴子森林6,益智类,2023-10-12
逃离简易房屋125,益智类,2023-10-12
物品收纳大师,休闲类,2023-10-12
狂暴战车,射击类,2023-10-11
3D坦克,射击类,2023-10-11
轨道线路,益智类,2023-10-11
龙之岛战纪,休闲类,2023-10-11
冲刺100关吧,益智类,2023-10-11
昏暗儿童房逃生131,益智类,2023-10-11
逃离巨型蛙地,益智类,2023-10-11
逃出猴子森林5,益智类,2023-10-11
救援沉睡的松鼠,益智类,2023-10-11
动物小农场,休闲类,2023-10-11
服装风格比拼,装扮类,2023-10-11
救援复仇天使,益智类,2023-10-11
4399诛神记,冒险类,2023-10-11
营救小狐狸,益智类,2023-10-11
空中赛道竞赛,体育类,2023-10-11
逃离简易房屋124,益智类,2023-10-11
救援凶恶的大猩猩,益智类,2023-10-11
逗小猴开心系列808,益智类,2023-10-11
海底深处,益智类,2023-10-11
隐性遗产,益智类,2023-10-11
野生动物探险队,益智类,2023-10-11
神秘密室大逃脱,益智类,2023-10-11
寻找农村姑娘,益智类,2023-10-11
合成球球2048,休闲类,2023-10-11
武器冲冲冲,射击类,2023-10-11
经营咖啡馆,模拟经营,2023-10-10
动物小农场,休闲类,2023-10-11
服装风格比拼,装扮类,2023-10-11
救援复仇天使,益智类,2023-10-11
4399诛神记,冒险类,2023-10-11
营救小狐狸,益智类,2023-10-11
空中赛道竞赛,体育类,2023-10-11
逃离简易房屋124,益智类,2023-10-11
救援凶恶的大猩猩,益智类,2023-10-11
逗小猴开心系列808,益智类,2023-10-11
海底深处,益智类,2023-10-11
隐性遗产,益智类,2023-10-11
野生动物探险队,益智类,2023-10-11
神秘密室大逃脱,益智类,2023-10-11
寻找农村姑娘,益智类,2023-10-11
合成球球2048,休闲类,2023-10-11
武器冲冲冲,射击类,2023-10-11
经营咖啡馆,模拟经营,2023-10-10
小船向前冲,敏捷篇,2023-10-10
像素空间,冒险类,2023-10-10
召唤大作战,敏捷篇,2023-10-10
救援蝙蝠小子,益智类,2023-10-10
逃离木匠屋,益智类,2023-10-10
救出小天鹅,益智类,2023-10-10
寻找麻雀蛋5,益智类,2023-10-10
逗小猴开心系列807,益智类,2023-10-10
欺骗准则,益智类,2023-10-10
午夜马戏团,益智类,2023-10-10
羊咩咩奔跑吧,休闲类,2023-10-10
沙盒城市猪,冒险类,2023-10-10
龙猫历险记2,冒险类,2023-10-10
寻找小秃鹫,益智类,2023-10-10
营救狮子洞的女孩,益智类,2023-10-10
救援巨型食蚁兽,益智类,2023-10-10
逃出猴子森林,益智类,2023-10-10
林中空地,益智类,2023-10-10
停车模拟,体育类,2023-10-09
逃离丛林装饰房屋,益智类,2023-10-09
找回丢失的钱,益智类,2023-10-09
逃离破旧的村庄,益智类,2023-10-09
可爱的小驴逃脱,益智类,2023-10-09
反恐战场,射击类,2023-10-09
救援阿比盖尔,益智类,2023-10-09
找回丢失的车钥匙,益智类,2023-10-09
救出甜蜜的女孩,益智类,2023-10-09
逃出沼泽地,益智类,2023-10-09
宿命之下,策略类,2023-10-09
逃离诸神会议室,益智类,2023-10-09
救援野兔子,益智类,2023-10-09
寻找麻雀蛋2,益智类,2023-10-09
瓶神马,益智类,2023-10-09
逗小猴开心系列806,益智类,2023-10-09
幻想大世界,益智类,2023-10-09
行李迷宫,益智类,2023-10-09
夏季拖地连衣裙,装扮类,2023-10-09
4399伏魔战歌,动作类,2023-10-09
超级冒险团,冒险类,2023-10-09
云・原神,动作类,2023-10-08
沿海珍宝,益智类,2023-10-08
遗失的奢侈品,益智类,2023-10-08
脑洞最强者,益智类,2023-10-08
小蚂蚁逃跑,益智类,2023-10-08
恐龙争霸,敏捷篇,2023-10-08
情侣酒店逃脱,益智类,2023-10-08
逃离无人机场,益智类,2023-10-08
森林之门逃脱,益智类,2023-10-08
逃离无人农场,益智类,2023-10-08
花豹战士逃脱,益智类,2023-10-08
逃离简易房屋123,益智类,2023-10-08
无毛猫大逃脱,益智类,2023-10-08
寻找麻雀蛋,益智类,2023-10-08
救援美丽的泽尔达,益智类,2023-10-08
模拟工程车,体育类,2023-10-08
昏暗地牢大冒险,冒险类,2023-10-08
救援幼鸟,益智类,2023-10-07
武士跑酷,敏捷篇,2023-10-07
骰子总和消数字,益智类,2023-10-07
中秋一起做月饼H5,敏捷篇,2023-10-07
救出篮球运动员,益智类,2023-10-07
逗小猴开心系列805,益智类,2023-10-07
古老梦想,益智类,2023-10-07
废物堆积场,益智类,2023-10-07
皇室的秘密,益智类,2023-10-07
小和尚出逃,益智类,2023-10-07
父女生存记2,冒险类,2023-10-07
翻转的香肠2,益智类,2023-10-07
逃离鬣蜥森林,益智类,2023-10-06
救援无辜的小孩,益智类,2023-10-06
小蜜蜂大逃脱,益智类,2023-10-06
逃离堡垒,益智类,2023-10-06
救援快乐的小狗,益智类,2023-10-06
模拟收割机,休闲类,2023-10-06
救援滑稽的鸵鸟,益智类,2023-10-06
救麻雀蛋4,益智类,2023-10-06
可爱的穿山甲救援,益智类,2023-10-06
花田景观逃脱,益智类,2023-10-06
破旧小屋逃脱,益智类,2023-10-05
父女逃离鳄鱼地,益智类,2023-10-05
救援彩虹马战士,益智类,2023-10-05
废弃的游艇,益智类,2023-10-05
空心庄园,益智类,2023-10-05
蓄意破坏,益智类,2023-10-05
逃离老餐馆,益智类,2023-10-05
稍微挪挪,益智类,2023-10-05
时尚包狂热者,装扮类,2023-10-05
芭比安静书,休闲类,2023-10-04
闯关我贼溜,益智类,2023-10-04
逃离芒果农场,益智类,2023-10-04
神秘老城堡逃脱,益智类,2023-10-04
可爱的臭鼬逃脱,益智类,2023-10-04
像素图案,益智类,2023-10-04
逃离无人木屋,益智类,2023-10-04
逃离角落里的房屋,益智类,2023-10-04
肥啾瘦身馆,模拟经营,2023-10-04
救援可爱的蜗牛,益智类,2023-10-03
黑暗丛林大逃脱,益智类,2023-10-03
寻找小丑帽,益智类,2023-10-03
逃离徒步公园,益智类,2023-10-03
空中激烈对战,射击类,2023-10-03
救援厨师夏洛特,益智类,2023-10-03
连接路线,益智类,2023-10-03
寻找魔法兔帽,益智类,2023-10-03
救援咖啡专家,益智类,2023-10-03
青蛙牛仔大冒险,冒险类,2023-10-03
古董收藏爱好者2,益智类,2023-10-03
传奇金面具,益智类,2023-10-03
梦游者枕头大战,益智类,2023-10-02
闲置宠物店,休闲类,2023-10-02
逃离昏暗钟楼,益智类,2023-10-02
塞尔达逃脱,益智类,2023-10-02
小黑花花捡糖果H5,儿童类,2023-10-02
帮助被困的姑娘,益智类,2023-10-02
被困猫救援,益智类,2023-10-02
歌手龟逃脱,益智类,2023-10-02
厨师大战果蔬,敏捷篇,2023-10-02
山屋大改造,益智类,2023-10-02
金发公主粉彩婚礼,装扮类,2023-10-02
救援爱读书的侦探,益智类,2023-10-01
救援蜗牛魔法师,益智类,2023-10-01
汉字找错字,益智类,2023-10-01
小猫辛巴爱抓鱼,益智类,2023-10-01
救援星尾兽,益智类,2023-10-01
跳跳乒乓球,敏捷篇,2023-10-01
救援迷人的乌龟,益智类,2023-10-01
逗小猴开心系列804,益智类,2023-10-01
冒险寻出口,冒险类,2023-10-01
神秘画廊,益智类,2023-10-01
神秘的骑士,益智类,2023-10-01
庭院拍卖会,益智类,2023-10-01
稍微蹦一蹦,敏捷篇,2023-10-01
王国印记,冒险类,2023-10-01
日落别墅逃脱,益智类,2023-09-30
沙皮狗逃脱,益智类,2023-09-30
逃出紧闭大门,益智类,2023-09-30
趣味连一连,益智类,2023-09-30
逃离茂密竹林,益智类,2023-09-30
萝莉娃娃装扮小屋,装扮类,2023-09-30
方块逃脱记,益智类,2023-09-30
逃离简易房屋122,益智类,2023-09-30
动漫改造时尚打扮,装扮类,2023-09-30
逃离斯顿墙农舍,益智类,2023-09-30
救援白乌鸦,益智类,2023-09-30
秋季街头时尚姑娘,装扮类,2023-09-30
挑战你没玩过的植物大战僵尸6,敏捷篇,2023-09-29
救援黄昏女子,益智类,2023-09-29
救援农村守护犬,益智类,2023-09-29
救援年轻的卢克,益智类,2023-09-29
时尚穿搭女博主,装扮类,2023-09-29
救援深情的松鼠,益智类,2023-09-29
巫师国王,益智类,2023-09-29
诡计多端,益智类,2023-09-29
沉没的谜底,益智类,2023-09-29
逗小猴开心系列803,益智类,2023-09-29
校园女生美丽打扮,装扮类,2023-09-29
小球冒险救爱人,冒险类,2023-09-29
狗狗寻爱之路,益智类,2023-09-29
3D坦克之战,射击类,2023-09-28
滑板火柴人,体育类,2023-09-28
防守基地2,射击类,2023-09-28
紧闭密室逃脱,益智类,2023-09-28
危险的房屋逃脱,益智类,2023-09-28
宠物狗逃出家门,益智类,2023-09-28
圣殿骑士守则,益智类,2023-09-28
热血街头格斗,动作类,2023-09-28
盗贼的故事,益智类,2023-09-28
战士小鸟逃脱,益智类,2023-09-28
地宫大战女巫,射击类,2023-09-28
春季逃离森林,益智类,2023-09-28
留下的线索,益智类,2023-09-28
逃离郊外游乐园,益智类,2023-09-28
寻找机器人朱利安,益智类,2023-09-28
拯救笼中小狐狸,益智类,2023-09-28
农场守望者,敏捷篇,2023-09-28
永生玫瑰,益智类,2023-09-28
姑娘的角色扮演,装扮类,2023-09-28
度假胜地之谜,益智类,2023-09-28
鬼魂武士,动作类,2023-09-28
营救黄色小猫,益智类,2023-09-28
美食大战老鼠,策略类,2023-09-28
火红狐狸逃脱,益智类,2023-09-28
神秘修道院逃脱,益智类,2023-09-28
元宇宙的挑战,敏捷篇,2023-09-28
皮卡堂过家家,休闲类,2023-09-28
生死狙击2,射击类,2023-09-28
赛车吃鸡,敏捷篇,2023-09-27
英灵骑士,冒险类,2023-09-27
逃出番茄农场,益智类,2023-09-27
诡异宫殿逃脱,益智类,2023-09-27
画线护太空人,益智类,2023-09-27
抻了个喵,益智类,2023-09-27
星蝶公主历险记,冒险类,2023-09-27
空中攀登跑酷,敏捷篇,2023-09-27
疯狂射箭,射击类,2023-09-26
拯救可怜的山羊,益智类,2023-09-26
超级猫咪英雄,射击类,2023-09-26
雷霆之怒龙皇版,动作类,2023-09-26
变异僵尸,敏捷篇,2023-09-26
终极迷宫,益智类,2023-09-26
昏暗儿童房逃生128,益智类,2023-09-26
寻找迷失的兔子,益智类,2023-09-26
秋塘森林逃脱,益智类,2023-09-26
寻找男子的车钥匙,益智类,2023-09-26
救援美丽的女巫,益智类,2023-09-26
饥饿兔子救援,益智类,2023-09-26
被困的蛇逃脱,益智类,2023-09-26
救援贝里曼一家,益智类,2023-09-26
地下城堡大逃脱,益智类,2023-09-26
救援拳击公鸡,益智类,2023-09-26
蓝红战机对决,射击类,2023-09-26
安全撤离,敏捷篇,2023-09-26
救援阿富汗女孩,益智类,2023-09-26
困在邻居的家,益智类,2023-09-26
拳击冠军战,动作类,2023-09-25
逃出新房屋,益智类,2023-09-25
房地产职员,益智类,2023-09-25
个性姑娘穿搭,装扮类,2023-09-25
一个特殊的瓶子,益智类,2023-09-25
神秘的家庭,益智类,2023-09-25
救出帅气的男孩,益智类,2023-09-25
滚球水上挑战,敏捷篇,2023-09-25
不可能的跑酷,敏捷篇,2023-09-25
寻找鳄鱼牌高尔夫,益智类,2023-09-25
逃离城堡围墙,益智类,2023-09-25
拴马救援,益智类,2023-09-25
狐狸战士逃脱,益智类,2023-09-24
逃出迷人的房间,益智类,2023-09-24
营救笼中小猪,益智类,2023-09-24
逃离紧闭的大门,益智类,2023-09-24
救援混乱的狮子,益智类,2023-09-24
逃离简易房屋121,益智类,2023-09-24
救援马来貘,益智类,2023-09-24
铺路引球入杯,益智类,2023-09-24
逃离采矿室,益智类,2023-09-24
喵喵餐厅,模拟经营,2023-09-23
脑洞校园学霸,益智类,2023-09-23
解救好基友,射击类,2023-09-23
汉字找找看,益智类,2023-09-23
汉字的密室,益智类,2023-09-23
和平王者空战吃鸡,射击类,2023-09-23
废品大师,休闲类,2023-09-23
狙击之王,射击类,2023-09-23
哪里不合理,益智类,2023-09-23
疯狂的逃密者,冒险类,2023-09-23
火柴人与勇士,动作类,2023-09-23
怪物装扮模拟器,休闲类,2023-09-22
漂移大战,冒险类,2023-09-22
新斗罗大陆,策略类,2023-09-22
我的超模秘书,休闲类,2023-09-22
二战反恐精英,射击类,2023-09-22
迷你超人,策略类,2023-09-22
史诗战斗,冒险类,2023-09-22
奇妙幻想森林逃脱,益智类,2023-09-22
室友相亲,装扮类,2023-09-22
蝴蝶连连看H5,益智类,2023-09-22
超级派对造型,装扮类,2023-09-22
昏暗儿童房逃生120,益智类,2023-09-22
独立别墅内逃脱,益智类,2023-09-22
银狐救援,益智类,2023-09-22
度假别墅房间逃脱,益智类,2023-09-22
拯救饥饿的小鸭子,益智类,2023-09-22
独立别墅屋逃生,益智类,2023-09-22
救援五彩羊驼,益智类,2023-09-22
绿色丛林逃脱,益智类,2023-09-22
公主们的入学装,装扮类,2023-09-22
汽车世界赛,体育类,2023-09-22
三人大鱼吃小鱼,敏捷篇,2023-09-21
丛林鸟大冒险,冒险类,2023-09-21
黎明之战6,冒险类,2023-09-21
疯狂商业街,休闲类,2023-09-21
寻找遗落的钥匙,益智类,2023-09-21
救援可爱的猪女士,益智类,2023-09-21
开心的吟游诗人,益智类,2023-09-21
超级奥马尔攀登,冒险类,2023-09-21
快乐果汁,益智类,2023-09-21
笼中幼虎逃跑,益智类,2023-09-21
魔术工作室,益智类,2023-09-21
平行宇宙,益智类,2023-09-21
逗小猴开心系列802,益智类,2023-09-21
笼中犬救援,益智类,2023-09-21
公路驾驶模拟竞速,体育类,2023-09-21
士兵鸟逃跑,益智类,2023-09-21
狗子消消乐,益智类,2023-09-21
冰淇淋大叔,益智类,2023-09-21
防守基地,射击类,2023-09-21
征服城池,策略类,2023-09-21
足球联赛,体育类,2023-09-21
天神传,策略类,2023-09-20
开花结果,益智类,2023-09-20
合成闪亮王冠,休闲类,2023-09-20
寻找丢失的金鱼,益智类,2023-09-20
蚂蚁作画,益智类,2023-09-20
樱花校园模拟器,动作类,2023-09-20
新机场大逃脱,益智类,2023-09-20
玩具城堡H5,策略类,2023-09-20
可怜的艾迪,益智类,2023-09-20
春天逃离森林,益智类,2023-09-20
环形隧道,敏捷篇,2023-09-20
保持跷板平衡,益智类,2023-09-20
上班日记,冒险类,2023-09-20
逃离画廊厨房,益智类,2023-09-20
豪华度假村逃脱,益智类,2023-09-20
足球黄金右脚,体育类,2023-09-20
跑酷勇者,冒险类,2023-09-19
逃离绘画客厅,益智类,2023-09-19
逃离私人度假村,益智类,2023-09-19
逗小猴开心系列801,益智类,2023-09-19
幻想工作室,益智类,2023-09-19
热带潮汐,益智类,2023-09-19
太空改造,敏捷篇,2023-09-19
上等葡萄酒,益智类,2023-09-19
尖顶摩托手,体育类,2023-09-19
整洁厨房逃脱2,益智类,2023-09-19
整洁厨房逃脱,益智类,2023-09-19
冲破城堡的围墙,益智类,2023-09-19
和平王者精英,策略类,2023-09-19
弹跳红球冒险,冒险类,2023-09-19
超猛神枪手,射击类,2023-09-19
变身马桶人躲猫猫,益智类,2023-09-19
逃离画家的房屋,益智类,2023-09-18
卡车老司机,体育类,2023-09-18
隧道林地逃脱,益智类,2023-09-18
小狗偷跑,益智类,2023-09-18
趣味冰淇淋一支,休闲类,2023-09-18
寻找搜查令,益智类,2023-09-18
被盗遗产,益智类,2023-09-18
昏暗儿童房逃生127,益智类,2023-09-18
堡垒防卫战,策略类,2023-09-18
维京人逃生记,冒险类,2023-09-18
救出工程师,益智类,2023-09-18
寻找储物柜钥匙,益智类,2023-09-18
找回丢失的画笔,益智类,2023-09-17
救援欢乐的火龙,益智类,2023-09-17
木工大师,休闲类,2023-09-17
救援冷静的警察,益智类,2023-09-17
逃离服饰店,益智类,2023-09-17
旋转快打保龄球,益智类,2023-09-17
拯救小乌鸦,益智类,2023-09-17
救援萨拉,益智类,2023-09-17
救援英勇的男子,益智类,2023-09-17
逃离紫杉小屋,益智类,2023-09-17
合成地球无敌小蝌蚪,敏捷篇,2023-09-17
夏至日的小镇,益智类,2023-09-17
寻找遗失的药瓶,益智类,2023-09-17
逃离无人幼儿园,益智类,2023-09-17
来玩捉迷藏,敏捷篇,2023-09-16
远东商人,益智类,2023-09-16
端庄的姑娘逃脱,益智类,2023-09-16
郊区窃贼,益智类,2023-09-16
夏日庄园,益智类,2023-09-16
卷毛猪逃脱,益智类,2023-09-16
废弃出租屋逃脱,益智类,2023-09-16
豹子大逃脱,益智类,2023-09-16
节奏击碎,敏捷篇,2023-09-16
复活节彩蛋翻牌,益智类,2023-09-16
卡牌麻将消除,益智类,2023-09-16
跳跃的博格,敏捷篇,2023-09-16
麻将急速连接,益智类,2023-09-16
金匠,休闲类,2023-09-16
伙伴龙上色,儿童类,2023-09-16
飞屋躲砖块,敏捷篇,2023-09-16
彩虹狐狸逃脱,益智类,2023-09-16
火炉日志,冒险类,2023-09-16
拯救花朵,益智类,2023-09-16
冒险大作战,冒险类,2023-09-15
纸飞机大乱斗,射击类,2023-09-15
活蹦乱跳之夜,冒险类,2023-09-15
黑龙逃脱,益智类,2023-09-15
羊毛猫,敏捷篇,2023-09-15
维京人大战骷髅,冒险类,2023-09-15
胶囊快跑,敏捷篇,2023-09-15
疯狂的合并战斗,策略类,2023-09-15
疯狂烧脑王,益智类,2023-09-15
火箭摧毁星球,休闲类,2023-09-15
诡异怪宅,益智类,2023-09-15
监控人VS马桶人,策略类,2023-09-15
狗狗模拟器,休闲类,2023-09-15
下落挑战,敏捷篇,2023-09-15
寻找金罐,益智类,2023-09-15
证据文件,益智类,2023-09-15
贵族房屋,益智类,2023-09-15
寻找迷失的琳琳,益智类,2023-09-15
逃离荒芜沙漠地,益智类,2023-09-15
和平枪战精英,射击类,2023-09-15
火烈鸟大逃脱,益智类,2023-09-15
高级教师逃脱,益智类,2023-09-15
竞速飞车,体育类,2023-09-15
暗影部落,冒险类,2023-09-14
新极限漂移赛车,体育类,2023-09-14
疯狂橡皮擦,益智类,2023-09-14
最强羊脑,益智类,2023-09-14
割绳子救公主,益智类,2023-09-14
冒险拿钥匙,冒险类,2023-09-14
乡村谜语,益智类,2023-09-14
特别的邀请,益智类,2023-09-14
情侣蜜蜂逃跑,益智类,2023-09-14
