1北京大学,教育部,北京市,北京市,本科,None
2中国人民大学,教育部,北京市,北京市,本科,None
3清华大学,教育部,北京市,北京市,本科,None
4北京交通大学,教育部,北京市,北京市,本科,None
5北京工业大学,北京市,北京市,北京市,本科,None
6北京航空航天大学,工业和信息化部,北京市,北京市,本科,None
7北京理工大学,工业和信息化部,北京市,北京市,本科,None
8北京科技大学,教育部,北京市,北京市,本科,None
9北方工业大学,北京市,北京市,北京市,本科,None
10北京化工大学,教育部,北京市,北京市,本科,None
11北京工商大学,北京市,北京市,北京市,本科,None
12北京服装学院,北京市,北京市,北京市,本科,None
13北京邮电大学,教育部,北京市,北京市,本科,None
14北京印刷学院,北京市,北京市,北京市,本科,None
15北京建筑大学,北京市,北京市,北京市,本科,None
16北京石油化工学院,北京市,北京市,北京市,本科,None
17北京电子科技学院,中央办公厅,北京市,北京市,本科,None
18中国农业大学,教育部,北京市,北京市,本科,None
19北京农学院,北京市,北京市,北京市,本科,None
20北京林业大学,教育部,北京市,北京市,本科,None
21北京协和医学院,国家卫生健康委员会,北京市,北京市,本科,None
22首都医科大学,北京市,北京市,北京市,本科,None
23北京中医药大学,教育部,北京市,北京市,本科,None
24北京师范大学,教育部,北京市,北京市,本科,None
25首都师范大学,北京市,北京市,北京市,本科,None
26首都体育学院,北京市,北京市,北京市,本科,None
27北京外国语大学,教育部,北京市,北京市,本科,None
28北京第二外国语学院,北京市,北京市,北京市,本科,None
29北京语言大学,教育部,北京市,北京市,本科,None
30中国传媒大学,教育部,北京市,北京市,本科,None
31中央财经大学,教育部,北京市,北京市,本科,None
32对外经济贸易大学,教育部,北京市,北京市,本科,None
33北京物资学院,北京市,北京市,北京市,本科,None
34首都经济贸易大学,北京市,北京市,北京市,本科,None
35中国消防救援学院,应急管理部,北京市,北京市,本科,None
36外交学院,外交部,北京市,北京市,本科,None
37中国人民公安大学,公安部,北京市,北京市,本科,None
38国际关系学院,教育部,北京市,北京市,本科,None
39北京体育大学,国家体育总局,北京市,北京市,本科,None
40中央音乐学院,教育部,北京市,北京市,本科,None
41中国音乐学院,北京市,北京市,北京市,本科,None
42中央美术学院,教育部,北京市,北京市,本科,None
43中央戏剧学院,教育部,北京市,北京市,本科,None
44中国戏曲学院,北京市,北京市,北京市,本科,None
45北京电影学院,北京市,北京市,北京市,本科,None
46北京舞蹈学院,北京市,北京市,北京市,本科,None
47中央民族大学,国家民委,北京市,北京市,本科,None
48中国政法大学,教育部,北京市,北京市,本科,None
49华北电力大学,教育部,北京市,北京市,本科,None
50中华女子学院,中华妇女联合会,北京市,北京市,本科,None
51北京信息科技大学,北京市,北京市,北京市,本科,None
52中国矿业大学（北京）,教育部,北京市,北京市,本科,None
53中国石油大学（北京）,教育部,北京市,北京市,本科,None
54中国地质大学（北京）,教育部,北京市,北京市,本科,None
55北京联合大学,北京市,北京市,北京市,本科,None
56北京城市学院,北京市教委,北京市,北京市,本科,民办
57中国青年政治学院,共青团中央,北京市,北京市,本科,None
58首钢工学院,北京市,北京市,北京市,本科,None
59中国劳动关系学院,中华全国总工会,北京市,北京市,本科,None
60首都师范大学科德学院,北京市教委,北京市,北京市,本科,民办
61北京工商大学嘉华学院,北京市教委,北京市,北京市,本科,民办
62北京邮电大学世纪学院,北京市教委,北京市,北京市,本科,民办
63北京工业大学耿丹学院,北京市教委,北京市,北京市,本科,民办
64北京警察学院,北京市,北京市,北京市,本科,None
65北京第二外国语学院中瑞酒店管理学院,北京市教委,北京市,北京市,本科,民办
66中国科学院大学,中国科学院,北京市,北京市,本科,None
67中国社会科学院大学,中国社会科学院,北京市,北京市,本科,None
68北京工业职业技术学院,北京市,北京市,北京市,专科,None
69北京信息职业技术学院,北京市,北京市,北京市,专科,None
70北京电子科技职业学院,北京市,北京市,北京市,专科,None
71北京京北职业技术学院,北京市,北京市,北京市,专科,None
72北京交通职业技术学院,北京市,北京市,北京市,专科,None
73北京青年政治学院,北京市,北京市,北京市,专科,None
74北京农业职业学院,北京市,北京市,北京市,专科,None
75北京政法职业学院,北京市,北京市,北京市,专科,None
76北京财贸职业学院,北京市,北京市,北京市,专科,None
77北京北大方正软件职业技术学院,北京市教委,北京市,北京市,专科,民办
78北京经贸职业学院,北京市教委,北京市,北京市,专科,民办
79北京经济技术职业学院,北京市教委,北京市,北京市,专科,民办
80北京戏曲艺术职业学院,北京市,北京市,北京市,专科,None
81北京汇佳职业学院,北京市教委,北京市,北京市,专科,民办
82北京科技经营管理学院,北京市教委,北京市,北京市,专科,民办
83北京科技职业学院,北京市教委,北京市,北京市,专科,民办
84北京培黎职业学院,北京市教委,北京市,北京市,专科,民办
85北京经济管理职业学院,北京市,北京市,北京市,专科,None
86北京劳动保障职业学院,北京市,北京市,北京市,专科,None
87北京社会管理职业学院,北京市,北京市,北京市,专科,None
88北京艺术传媒职业学院,北京市教委,北京市,北京市,专科,民办
89北京体育职业学院,北京市,北京市,北京市,专科,None
90北京交通运输职业学院,北京市,北京市,北京市,专科,None
91北京卫生职业学院,北京市,北京市,北京市,专科,None
92北京网络职业学院,北京市教委,北京市,北京市,专科,民办
93南开大学,教育部,天津市,天津市,本科,None
94天津大学,教育部,天津市,天津市,本科,None
95天津科技大学,天津市,天津市,天津市,本科,None
96天津工业大学,天津市,天津市,天津市,本科,None
97中国民航大学,交通运输部（中国民用航空局）,天津市,天津市,本科,None
98天津理工大学,天津市,天津市,天津市,本科,None
99天津农学院,天津市,天津市,天津市,本科,None
100天津医科大学,天津市,天津市,天津市,本科,None
101天津中医药大学,天津市,天津市,天津市,本科,None
102天津师范大学,天津市,天津市,天津市,本科,None
103天津职业技术师范大学,天津市,天津市,天津市,本科,None
104天津外国语大学,天津市,天津市,天津市,本科,None
105天津商业大学,天津市,天津市,天津市,本科,None
106天津财经大学,天津市,天津市,天津市,本科,None
107天津体育学院,天津市,天津市,天津市,本科,None
108天津音乐学院,天津市,天津市,天津市,本科,None
109天津美术学院,天津市,天津市,天津市,本科,None
110天津城建大学,天津市,天津市,天津市,本科,None
111天津天狮学院,天津市教委,天津市,天津市,本科,民办
112天津中德应用技术大学,天津市,天津市,天津市,本科,None
113天津外国语大学滨海外事学院,天津市教委,天津市,天津市,本科,民办
114天津传媒学院,天津市教委,天津市,天津市,本科,民办
115天津商业大学宝德学院,天津市教委,天津市,天津市,本科,民办
116天津医科大学临床医学院,天津市教委,天津市,天津市,本科,民办
117南开大学滨海学院,天津市教委,天津市,天津市,本科,民办
118天津师范大学津沽学院,天津市教委,天津市,天津市,本科,民办
119天津理工大学中环信息学院,天津市教委,天津市,天津市,本科,民办
120北京科技大学天津学院,天津市教委,天津市,天津市,本科,民办
121天津仁爱学院,天津市教委,天津市,天津市,本科,民办
122天津财经大学珠江学院,天津市教委,天津市,天津市,本科,民办
123天津市职业大学,天津市,天津市,天津市,专科,None
124天津滨海职业学院,天津市,天津市,天津市,专科,None
125天津工程职业技术学院,天津市,天津市,天津市,专科,None
126天津渤海职业技术学院,天津市,天津市,天津市,专科,None
127天津电子信息职业技术学院,天津市,天津市,天津市,专科,None
128天津机电职业技术学院,天津市,天津市,天津市,专科,None
129天津现代职业技术学院,天津市,天津市,天津市,专科,None
130天津公安警官职业学院,天津市,天津市,天津市,专科,None
131天津轻工职业技术学院,天津市,天津市,天津市,专科,None
132天津商务职业学院,天津市,天津市,天津市,专科,None
133天津国土资源和房屋职业学院,天津市,天津市,天津市,专科,None
134天津医学高等专科学校,天津市,天津市,天津市,专科,None
135天津开发区职业技术学院,天津市,天津市,天津市,专科,None
136天津艺术职业学院,天津市,天津市,天津市,专科,None
137天津交通职业学院,天津市,天津市,天津市,专科,None
138天津工业职业学院,天津市,天津市,天津市,专科,None
139天津石油职业技术学院,天津市,天津市,天津市,专科,None
140天津城市职业学院,天津市,天津市,天津市,专科,None
141天津铁道职业技术学院,天津市,天津市,天津市,专科,None
142天津工艺美术职业学院,天津市,天津市,天津市,专科,None
143天津城市建设管理职业技术学院,天津市,天津市,天津市,专科,None
144天津生物工程职业技术学院,天津市,天津市,天津市,专科,None
145天津海运职业学院,天津市,天津市,天津市,专科,None
146天津广播影视职业学院,天津市,天津市,天津市,专科,None
147天津体育职业学院,天津市,天津市,天津市,专科,None
148天津滨海汽车工程职业学院,天津市教委,天津市,天津市,专科,民办
149河北大学,河北省,河北省,保定市,本科,None
150河北工程大学,河北省,河北省,邯郸市,本科,None
151河北地质大学,河北省,河北省,石家庄市,本科,None
152河北工业大学,河北省,天津市,天津市,本科,None
153华北理工大学,河北省,河北省,唐山市,本科,None
154河北科技大学,河北省,河北省,石家庄市,本科,None
155河北建筑工程学院,河北省,河北省,张家口市,本科,None
156河北水利电力学院,河北省,河北省,沧州市,本科,None
157河北农业大学,河北省,河北省,保定市,本科,None
158河北医科大学,河北省,河北省,石家庄市,本科,None
159河北北方学院,河北省,河北省,张家口市,本科,None
160承德医学院,河北省,河北省,承德市,本科,None
161河北师范大学,河北省,河北省,石家庄市,本科,None
162保定学院,河北省,河北省,保定市,本科,None
163河北民族师范学院,河北省,河北省,承德市,本科,None
164唐山师范学院,河北省,河北省,唐山市,本科,None
165廊坊师范学院,河北省,河北省,廊坊市,本科,None
166衡水学院,河北省,河北省,衡水市,本科,None
167石家庄学院,河北省,河北省,石家庄市,本科,None
168邯郸学院,河北省,河北省,邯郸市,本科,None
169邢台学院,河北省,河北省,邢台市,本科,None
170沧州师范学院,河北省,河北省,沧州市,本科,None
171石家庄铁道大学,河北省,河北省,石家庄市,本科,None
172燕山大学,河北省,河北省,秦皇岛市,本科,None
173河北科技师范学院,河北省,河北省,秦皇岛市,本科,None
174唐山学院,河北省,河北省,唐山市,本科,None
175华北科技学院,应急管理部,河北省,廊坊市,本科,None
176中国人民警察大学,公安部,河北省,廊坊市,本科,None
177河北体育学院,河北省,河北省,石家庄市,本科,None
178河北金融学院,河北省,河北省,保定市,本科,None
179北华航天工业学院,河北省,河北省,廊坊市,本科,None
180防灾科技学院,中国地震局,河北省,廊坊市,本科,None
181河北经贸大学,河北省,河北省,石家庄市,本科,None
182中央司法警官学院,司法部,河北省,保定市,本科,None
183河北传媒学院,河北省教育厅,河北省,石家庄市,本科,民办
184河北工程技术学院,河北省教育厅,河北省,石家庄市,本科,民办
185河北美术学院,河北省教育厅,河北省,石家庄市,本科,民办
186河北科技学院,河北省教育厅,河北省,保定市,本科,民办
187河北外国语学院,河北省教育厅,河北省,石家庄市,本科,民办
188河北大学工商学院,河北省教育厅,河北省,保定市,本科,民办
189华北理工大学轻工学院,河北省教育厅,河北省,唐山市,本科,民办
190河北工业职业技术大学,河北省,河北省,石家庄市,本科,None
191河北师范大学汇华学院,河北省教育厅,河北省,石家庄市,本科,民办
192河北经贸大学经济管理学院,河北省教育厅,河北省,石家庄市,本科,民办
193河北医科大学临床学院,河北省教育厅,河北省,石家庄市,本科,民办
194河北科技工程职业技术大学,河北省,河北省,邢台市,本科,None
195河北工程大学科信学院,河北省教育厅,河北省,邯郸市,本科,民办
196河北石油职业技术大学,河北省,河北省,承德市,本科,None
197燕山大学里仁学院,河北省教育厅,河北省,秦皇岛市,本科,民办
198石家庄铁道大学四方学院,河北省教育厅,河北省,石家庄市,本科,民办
199河北地质大学华信学院,河北省教育厅,河北省,石家庄市,本科,民办
200河北农业大学现代科技学院,河北省教育厅,河北省,保定市,本科,民办
201华北理工大学冀唐学院,河北省教育厅,河北省,唐山市,本科,民办
202保定理工学院,河北省教育厅,河北省,保定市,本科,民办
203燕京理工学院,河北省教育厅,河北省,廊坊市,本科,民办
204北京中医药大学东方学院,河北省教育厅,河北省,廊坊市,本科,民办
205沧州交通学院,河北省教育厅,河北省,沧州市,本科,民办
206河北东方学院,河北省教育厅,河北省,廊坊市,本科,民办
207河北中医药大学,河北省,河北省,石家庄市,本科,None
208张家口学院,河北省,河北省,张家口市,本科,None
209河北环境工程学院,河北省,河北省,秦皇岛市,本科,None
210邯郸职业技术学院,河北省,河北省,邯郸市,专科,None
None石家庄职业技术学院,河北省,河北省,石家庄市,专科,None
212张家口职业技术学院,河北省,河北省,张家口市,专科,None
213河北软件职业技术学院,河北省,河北省,保定市,专科,None
214河北石油职业技术学院,河北省,河北省,廊坊市,专科,None
215河北建材职业技术学院,河北省,河北省,秦皇岛市,专科,None
216河北政法职业学院,河北省,河北省,石家庄市,专科,None
217沧州职业技术学院,河北省,河北省,沧州市,专科,None
218河北能源职业技术学院,河北省,河北省,唐山市,专科,None
219石家庄铁路职业技术学院,河北省,河北省,石家庄市,专科,None
220保定职业技术学院,河北省,河北省,保定市,专科,None
221秦皇岛职业技术学院,河北省,河北省,秦皇岛市,专科,None
222石家庄工程职业学院,河北省教育厅,河北省,石家庄市,专科,民办
223石家庄城市经济职业学院,河北省教育厅,河北省,石家庄市,专科,民办
224唐山职业技术学院,河北省,河北省,唐山市,专科,None
225衡水职业技术学院,河北省,河北省,衡水市,专科,None
226唐山工业职业技术学院,河北省,河北省,唐山市,专科,None
227邢台医学高等专科学校,河北省,河北省,邢台市,专科,None
228河北艺术职业学院,河北省,河北省,石家庄市,专科,None
229河北旅游职业学院,河北省,河北省,承德市,专科,None
230石家庄财经职业学院,河北省教育厅,河北省,石家庄市,专科,民办
231河北交通职业技术学院,河北省,河北省,石家庄市,专科,None
232河北化工医药职业技术学院,河北省,河北省,石家庄市,专科,None
233石家庄信息工程职业学院,河北省,河北省,石家庄市,专科,None
234河北对外经贸职业学院,河北省,河北省,秦皇岛市,专科,None
235保定电力职业技术学院,河北省,河北省,保定市,专科,None
236河北机电职业技术学院,河北省,河北省,邢台市,专科,None
237渤海石油职业学院,河北省,河北省,沧州市,专科,None
238廊坊职业技术学院,河北省,河北省,廊坊市,专科,None
239唐山科技职业技术学院,河北省,河北省,唐山市,专科,None
240石家庄邮电职业技术学院,河北省,河北省,石家庄市,专科,None
241河北公安警察职业学院,河北省,河北省,石家庄市,专科,None
242石家庄工商职业学院,河北省教育厅,河北省,石家庄市,专科,民办
243石家庄理工职业学院,河北省教育厅,河北省,石家庄市,专科,民办
244石家庄科技信息职业学院,河北省教育厅,河北省,石家庄市,专科,民办
245河北司法警官职业学院,河北省,河北省,邯郸市,专科,None
246沧州医学高等专科学校,河北省,河北省,沧州市,专科,None
247河北女子职业技术学院,河北省,河北省,石家庄市,专科,None
248石家庄医学高等专科学校,河北省教育厅,河北省,石家庄市,专科,民办
249石家庄经济职业学院,河北省教育厅,河北省,石家庄市,专科,民办
250冀中职业学院,河北省,河北省,保定市,专科,None
251石家庄人民医学高等专科学校,河北省教育厅,河北省,石家庄市,专科,民办
252河北正定师范高等专科学校,河北省,河北省,石家庄市,专科,None
253河北劳动关系职业学院,河北省,河北省,石家庄市,专科,None
254石家庄科技职业学院,河北省教育厅,河北省,石家庄市,专科,民办
255沧州幼儿师范高等专科学校,河北省,河北省,沧州市,专科,None
256宣化科技职业学院,河北省,河北省,张家口市,专科,None
257廊坊燕京职业技术学院,河北省,河北省,廊坊市,专科,None
258承德护理职业学院,河北省,河北省,承德市,专科,None
259石家庄幼儿师范高等专科学校,河北省,河北省,石家庄市,专科,None
260廊坊卫生职业学院,河北省,河北省,廊坊市,专科,None
261河北轨道运输职业技术学院,河北省,河北省,石家庄市,专科,None
262保定幼儿师范高等专科学校,河北省,河北省,保定市,专科,None
263河北工艺美术职业学院,河北省,河北省,保定市,专科,None
264渤海理工职业学院,河北省教育厅,河北省,沧州市,专科,民办
265唐山幼儿师范高等专科学校,河北省,河北省,唐山市,专科,None
266曹妃甸职业技术学院,河北省教育厅,河北省,唐山市,专科,民办
267承德应用技术职业学院,河北省,河北省,承德市,专科,None
268邯郸幼儿师范高等专科学校,河北省,河北省,邯郸市,专科,None
269邯郸科技职业学院,河北省,河北省,邯郸市,专科,None
270唐山海运职业学院,河北省教育厅,河北省,唐山市,专科,民办
271邢台应用技术职业学院,河北省教育厅,河北省,邢台市,专科,民办
272河北资源环境职业技术学院,河北省,河北省,石家庄市,专科,None
273衡水健康科技职业学院,河北省,河北省,衡水市,专科,None
274沧州航空职业学院,河北省教育厅,河北省,沧州市,专科,民办
275邯郸应用技术职业学院,河北省教育厅,河北省,邯郸市,专科,民办
276秦皇岛工业职业技术学院,河北省,河北省,秦皇岛市,专科,None
277山西大学,山西省,山西省,太原市,本科,None
278太原科技大学,山西省,山西省,太原市,本科,None
279中北大学,山西省,山西省,太原市,本科,None
280太原理工大学,山西省,山西省,太原市,本科,None
281山西农业大学,山西省,山西省,晋中市,本科,None
282山西医科大学,山西省,山西省,太原市,本科,None
283长治医学院,山西省,山西省,长治市,本科,None
284山西师范大学,山西省,山西省,太原市,本科,None
285太原师范学院,山西省,山西省,太原市,本科,None
286山西大同大学,山西省,山西省,大同市,本科,None
287晋中学院,山西省,山西省,晋中市,本科,None
288长治学院,山西省,山西省,长治市,本科,None
289运城学院,山西省,山西省,运城市,本科,None
290忻州师范学院,山西省,山西省,忻州市,本科,None
291山西财经大学,山西省,山西省,太原市,本科,None
292山西中医药大学,山西省,山西省,太原市,本科,None
293吕梁学院,山西省,山西省,吕梁市,本科,None
294太原学院,山西省,山西省,太原市,本科,None
295山西警察学院,山西省,山西省,太原市,本科,None
296山西应用科技学院,山西省教育厅,山西省,太原市,本科,民办
297山西工程科技职业大学,山西省,山西省,太原市,本科,None
298山西工学院,山西省,山西省,朔州市,本科,None
299晋中信息学院,山西省教育厅,山西省,晋中市,本科,民办
300山西师范大学现代文理学院,山西省教育厅,山西省,临汾市,本科,民办
301山西晋中理工学院,山西省教育厅,山西省,晋中市,本科,民办
302山西科技学院,山西省,山西省,晋城市,本科,None
303山西医科大学晋祠学院,山西省教育厅,山西省,太原市,本科,民办
304山西财经大学华商学院,山西省教育厅,山西省,太原市,本科,民办
305山西工商学院,山西省教育厅,山西省,太原市,本科,民办
306太原工业学院,山西省,山西省,太原市,本科,None
307运城职业技术大学,山西省教育厅,山西省,运城市,本科,民办
308山西传媒学院,山西省,山西省,太原市,本科,None
309山西工程技术学院,山西省,山西省,阳泉市,本科,None
310山西能源学院,山西省,山西省,晋中市,本科,None
311山西省财政税务专科学校,山西省,山西省,太原市,专科,None
312长治职业技术学院,山西省,山西省,长治市,专科,None
313山西艺术职业学院,山西省,山西省,太原市,专科,None
314晋城职业技术学院,山西省,山西省,晋城市,专科,None
315山西药科职业学院,山西省,山西省,太原市,专科,None
316大同煤炭职业技术学院,山西省,山西省,大同市,专科,None
317山西机电职业技术学院,山西省,山西省,长治市,专科,None
318山西财贸职业技术学院,山西省,山西省,太原市,专科,None
319山西林业职业技术学院,山西省,山西省,太原市,专科,None
320山西水利职业技术学院,山西省,山西省,运城市,专科,None
321阳泉职业技术学院,山西省,山西省,阳泉市,专科,None
322临汾职业技术学院,山西省,山西省,临汾市,专科,None
323山西职业技术学院,山西省,山西省,太原市,专科,None
324山西金融职业学院,山西省,山西省,太原市,专科,None
325太原城市职业技术学院,山西省,山西省,太原市,专科,None
326山西信息职业技术学院,山西省教育厅,山西省,临汾市,专科,民办
327山西体育职业学院,山西省,山西省,太原市,专科,None
328山西警官职业学院,山西省,山西省,太原市,专科,None
329山西国际商务职业学院,山西省,山西省,太原市,专科,None
330潞安职业技术学院,山西省,山西省,长治市,专科,None
331太原旅游职业学院,山西省,山西省,太原市,专科,None
332山西旅游职业学院,山西省,山西省,太原市,专科,None
333山西管理职业学院,山西省,山西省,临汾市,专科,None
334山西电力职业技术学院,山西省,山西省,太原市,专科,None
335忻州职业技术学院,山西省,山西省,忻州市,专科,None
336山西同文职业技术学院,山西省教育厅,山西省,晋中市,专科,民办
337晋中职业技术学院,山西省,山西省,晋中市,专科,None
338山西华澳商贸职业学院,山西省教育厅,山西省,晋中市,专科,民办
339山西运城农业职业技术学院,山西省,山西省,运城市,专科,None
340运城幼儿师范高等专科学校,山西省,山西省,运城市,专科,None
341山西老区职业技术学院,山西省教育厅,山西省,太原市,专科,民办
342山西经贸职业学院,山西省,山西省,太原市,专科,None
343朔州职业技术学院,山西省,山西省,朔州市,专科,None
344山西铁道职业技术学院,山西省,山西省,太原市,专科,None
345晋中师范高等专科学校,山西省,山西省,晋中市,专科,None
346阳泉师范高等专科学校,山西省,山西省,阳泉市,专科,None
347山西青年职业学院,山西省,山西省,太原市,专科,None
348运城护理职业学院,山西省,山西省,运城市,专科,None
349运城师范高等专科学校,山西省,山西省,运城市,专科,None
350朔州师范高等专科学校,山西省,山西省,朔州市,专科,None
351吕梁职业技术学院,山西省,山西省,吕梁市,专科,None
352大同师范高等专科学校,山西省,山西省,大同市,专科,None
353太原幼儿师范高等专科学校,山西省,山西省,太原市,专科,None
354山西工程职业学院,山西省,山西省,太原市,专科,None
355长治幼儿师范高等专科学校,山西省,山西省,长治市,专科,None
356山西通用航空职业技术学院,山西省,山西省,大同市,专科,None
357朔州陶瓷职业技术学院,山西省,山西省,朔州市,专科,None
358山西卫生健康职业学院,山西省,山西省,太原市,专科,None
359吕梁师范高等专科学校,山西省,山西省,吕梁市,专科,None
360内蒙古大学,内蒙古自治区,内蒙古自治区,呼和浩特市,本科,None
361内蒙古科技大学,内蒙古自治区,内蒙古自治区,包头市,本科,None
362内蒙古工业大学,内蒙古自治区,内蒙古自治区,呼和浩特市,本科,None
363内蒙古农业大学,内蒙古自治区,内蒙古自治区,呼和浩特市,本科,None
364内蒙古医科大学,内蒙古自治区,内蒙古自治区,呼和浩特市,本科,None
365内蒙古师范大学,内蒙古自治区,内蒙古自治区,呼和浩特市,本科,None
366内蒙古民族大学,内蒙古自治区,内蒙古自治区,通辽市,本科,None
367赤峰学院,内蒙古自治区,内蒙古自治区,赤峰市,本科,None
368内蒙古财经大学,内蒙古自治区,内蒙古自治区,呼和浩特市,本科,None
369呼伦贝尔学院,内蒙古自治区,内蒙古自治区,呼伦贝尔市,本科,None
370集宁师范学院,内蒙古自治区,内蒙古自治区,乌兰察布市,本科,None
371河套学院,内蒙古自治区,内蒙古自治区,巴彦淖尔市,本科,None
372呼和浩特民族学院,内蒙古自治区,内蒙古自治区,呼和浩特市,本科,None
373内蒙古大学创业学院,内蒙古自治区教育厅,内蒙古自治区,呼和浩特市,本科,民办
374内蒙古鸿德文理学院,内蒙古自治区教育厅,内蒙古自治区,呼和浩特市,本科,民办
375内蒙古艺术学院,内蒙古自治区,内蒙古自治区,呼和浩特市,本科,None
376鄂尔多斯应用技术学院,内蒙古自治区,内蒙古自治区,鄂尔多斯市,本科,None
377内蒙古建筑职业技术学院,内蒙古自治区,内蒙古自治区,呼和浩特市,专科,None
378内蒙古丰州职业学院,内蒙古自治区教育厅,内蒙古自治区,呼和浩特市,专科,民办
379包头职业技术学院,内蒙古自治区,内蒙古自治区,包头市,专科,None
380兴安职业技术学院,内蒙古自治区,内蒙古自治区,兴安盟,专科,None
381呼和浩特职业学院,内蒙古自治区,内蒙古自治区,呼和浩特市,专科,None
382包头轻工职业技术学院,内蒙古自治区,内蒙古自治区,包头市,专科,None
383内蒙古电子信息职业技术学院,内蒙古自治区,内蒙古自治区,呼和浩特市,专科,None
384内蒙古机电职业技术学院,内蒙古自治区,内蒙古自治区,呼和浩特市,专科,None
385内蒙古化工职业学院,内蒙古自治区,内蒙古自治区,呼和浩特市,专科,None
386内蒙古商贸职业学院,内蒙古自治区,内蒙古自治区,呼和浩特市,专科,None
387锡林郭勒职业学院,内蒙古自治区,内蒙古自治区,锡林郭勒盟,专科,None
388内蒙古警察职业学院,内蒙古自治区,内蒙古自治区,呼和浩特市,专科,None
389内蒙古体育职业学院,内蒙古自治区,内蒙古自治区,呼和浩特市,专科,None
390乌兰察布职业学院,内蒙古自治区,内蒙古自治区,乌兰察布市,专科,None
391通辽职业学院,内蒙古自治区,内蒙古自治区,通辽市,专科,None
392科尔沁艺术职业学院,内蒙古自治区,内蒙古自治区,通辽市,专科,None
393内蒙古交通职业技术学院,内蒙古自治区,内蒙古自治区,赤峰市,专科,None
394包头钢铁职业技术学院,内蒙古自治区,内蒙古自治区,包头市,专科,None
395乌海职业技术学院,内蒙古自治区,内蒙古自治区,乌海市,专科,None
396内蒙古科技职业学院,内蒙古自治区教育厅,内蒙古自治区,呼和浩特市,专科,民办
397内蒙古北方职业技术学院,内蒙古自治区教育厅,内蒙古自治区,呼和浩特市,专科,民办
398赤峰职业技术学院,内蒙古自治区教育厅,内蒙古自治区,赤峰市,专科,民办
399内蒙古经贸外语职业学院,内蒙古自治区教育厅,内蒙古自治区,呼和浩特市,专科,民办
400包头铁道职业技术学院,内蒙古自治区,内蒙古自治区,包头市,专科,None
401乌兰察布医学高等专科学校,内蒙古自治区,内蒙古自治区,乌兰察布市,专科,None
402鄂尔多斯职业学院,内蒙古自治区,内蒙古自治区,鄂尔多斯市,专科,None
403内蒙古工业职业学院,内蒙古自治区教育厅,内蒙古自治区,呼和浩特市,专科,民办
404呼伦贝尔职业技术学院,内蒙古自治区,内蒙古自治区,呼伦贝尔市,专科,None
405满洲里俄语职业学院,内蒙古自治区,内蒙古自治区,呼伦贝尔市,专科,None
406内蒙古能源职业学院,内蒙古自治区教育厅,内蒙古自治区,呼和浩特市,专科,民办
407赤峰工业职业技术学院,内蒙古自治区,内蒙古自治区,赤峰市,专科,None
408阿拉善职业技术学院,内蒙古自治区,内蒙古自治区,阿拉善盟,专科,None
409内蒙古美术职业学院,内蒙古自治区教育厅,内蒙古自治区,巴彦淖尔市,专科,民办
410内蒙古民族幼儿师范高等专科学校,内蒙古自治区,内蒙古自治区,鄂尔多斯市,专科,None
411鄂尔多斯生态环境职业学院,内蒙古自治区,内蒙古自治区,鄂尔多斯市,专科,None
412扎兰屯职业学院,内蒙古自治区,内蒙古自治区,呼伦贝尔市,专科,None
413赤峰应用技术职业学院,内蒙古自治区,内蒙古自治区,赤峰市,专科,None
414辽宁大学,辽宁省,辽宁省,沈阳市,本科,None
415大连理工大学,教育部,辽宁省,大连市,本科,None
416沈阳工业大学,辽宁省,辽宁省,沈阳市,本科,None
417沈阳航空航天大学,辽宁省,辽宁省,沈阳市,本科,None
418沈阳理工大学,辽宁省,辽宁省,沈阳市,本科,None
419东北大学,教育部,辽宁省,沈阳市,本科,None
420辽宁科技大学,辽宁省,辽宁省,鞍山市,本科,None
421辽宁工程技术大学,辽宁省,辽宁省,阜新市,本科,None
422辽宁石油化工大学,辽宁省,辽宁省,抚顺市,本科,None
423沈阳化工大学,辽宁省,辽宁省,沈阳市,本科,None
424大连交通大学,辽宁省,辽宁省,大连市,本科,None
425大连海事大学,交通运输部,辽宁省,大连市,本科,None
426大连工业大学,辽宁省,辽宁省,大连市,本科,None
427沈阳建筑大学,辽宁省,辽宁省,沈阳市,本科,None
428辽宁工业大学,辽宁省,辽宁省,锦州市,本科,None
429沈阳农业大学,辽宁省,辽宁省,沈阳市,本科,None
430大连海洋大学,辽宁省,辽宁省,大连市,本科,None
431中国医科大学,辽宁省,辽宁省,沈阳市,本科,None
432锦州医科大学,辽宁省,辽宁省,锦州市,本科,None
433大连医科大学,辽宁省,辽宁省,大连市,本科,None
434辽宁中医药大学,辽宁省,辽宁省,沈阳市,本科,None
435沈阳药科大学,辽宁省,辽宁省,沈阳市,本科,None
436沈阳医学院,辽宁省,辽宁省,沈阳市,本科,None
437辽宁师范大学,辽宁省,辽宁省,大连市,本科,None
438沈阳师范大学,辽宁省,辽宁省,沈阳市,本科,None
439渤海大学,辽宁省,辽宁省,锦州市,本科,None
440鞍山师范学院,辽宁省,辽宁省,鞍山市,本科,None
441大连外国语大学,辽宁省,辽宁省,大连市,本科,None
442东北财经大学,辽宁省,辽宁省,大连市,本科,None
443中国刑事警察学院,公安部,辽宁省,沈阳市,本科,None
444沈阳体育学院,辽宁省,辽宁省,沈阳市,本科,None
445沈阳音乐学院,辽宁省,辽宁省,沈阳市,本科,None
446鲁迅美术学院,辽宁省,辽宁省,沈阳市,本科,None
447辽宁对外经贸学院,辽宁省教育厅,辽宁省,大连市,本科,民办
448沈阳大学,辽宁省,辽宁省,沈阳市,本科,None
449大连大学,辽宁省,辽宁省,大连市,本科,None
450辽宁科技学院,辽宁省,辽宁省,本溪市,本科,None
451辽宁警察学院,辽宁省,辽宁省,大连市,本科,None
452沈阳工程学院,辽宁省,辽宁省,沈阳市,本科,None
453辽东学院,辽宁省,辽宁省,丹东市,本科,None
454大连民族大学,国家民委,辽宁省,大连市,本科,None
455辽宁理工职业大学,辽宁省教育厅,辽宁省,锦州市,本科,民办
456大连理工大学城市学院,辽宁省教育厅,辽宁省,大连市,本科,民办
457沈阳工业大学工程学院,辽宁省教育厅,辽宁省,辽阳市,本科,民办
458沈阳航空航天大学北方科技学院,辽宁省教育厅,辽宁省,沈阳市,本科,民办
459沈阳工学院,辽宁省教育厅,辽宁省,抚顺市,本科,民办
460大连工业大学艺术与信息工程学院,辽宁省教育厅,辽宁省,大连市,本科,民办
461大连科技学院,辽宁省教育厅,辽宁省,大连市,本科,民办
462沈阳城市建设学院,辽宁省教育厅,辽宁省,沈阳市,本科,民办
463大连医科大学中山学院,辽宁省教育厅,辽宁省,大连市,本科,民办
464锦州医科大学医疗学院,辽宁省教育厅,辽宁省,锦州市,本科,民办
465辽宁师范大学海华学院,辽宁省教育厅,辽宁省,大连市,本科,民办
466辽宁理工学院,辽宁省教育厅,辽宁省,锦州市,本科,民办
467大连财经学院,辽宁省教育厅,辽宁省,大连市,本科,民办
468沈阳城市学院,辽宁省教育厅,辽宁省,沈阳市,本科,民办
469大连艺术学院,辽宁省教育厅,辽宁省,大连市,本科,民办
470辽宁中医药大学杏林学院,辽宁省教育厅,辽宁省,沈阳市,本科,民办
471辽宁何氏医学院,辽宁省教育厅,辽宁省,沈阳市,本科,民办
472沈阳科技学院,辽宁省教育厅,辽宁省,沈阳市,本科,民办
473大连东软信息学院,辽宁省教育厅,辽宁省,大连市,本科,民办
474辽宁财贸学院,辽宁省教育厅,辽宁省,葫芦岛市,本科,民办
475辽宁传媒学院,辽宁省教育厅,辽宁省,沈阳市,本科,民办
476营口理工学院,辽宁省,辽宁省,营口市,本科,None
477朝阳师范高等专科学校,辽宁省,辽宁省,朝阳市,专科,None
478抚顺师范高等专科学校,辽宁省,辽宁省,抚顺市,专科,None
479锦州师范高等专科学校,辽宁省,辽宁省,锦州市,专科,None
480营口职业技术学院,辽宁省,辽宁省,营口市,专科,None
481铁岭师范高等专科学校,辽宁省,辽宁省,铁岭市,专科,None
482大连职业技术学院,辽宁省,辽宁省,大连市,专科,None
483辽宁农业职业技术学院,辽宁省,辽宁省,营口市,专科,None
484抚顺职业技术学院,辽宁省,辽宁省,抚顺市,专科,None
485辽阳职业技术学院,辽宁省,辽宁省,辽阳市,专科,None
486阜新高等专科学校,辽宁省,辽宁省,阜新市,专科,None
487辽宁省交通高等专科学校,辽宁省,辽宁省,沈阳市,专科,None
488辽宁税务高等专科学校,辽宁省,辽宁省,大连市,专科,None
489盘锦职业技术学院,辽宁省,辽宁省,盘锦市,专科,None
490沈阳航空职业技术学院,辽宁省,辽宁省,沈阳市,专科,None
491辽宁体育运动职业技术学院,辽宁省,辽宁省,沈阳市,专科,None
492辽宁职业学院,辽宁省,辽宁省,铁岭市,专科,None
493辽宁生态工程职业学院,辽宁省,辽宁省,沈阳市,专科,None
494沈阳职业技术学院,辽宁省,辽宁省,沈阳市,专科,None
495大连商务职业学院,辽宁省教育厅,辽宁省,大连市,专科,民办
496辽宁金融职业学院,辽宁省,辽宁省,沈阳市,专科,None
497辽宁轨道交通职业学院,辽宁省,辽宁省,沈阳市,专科,None
498辽宁广告职业学院,辽宁省教育厅,辽宁省,沈阳市,专科,民办
499辽宁机电职业技术学院,辽宁省,辽宁省,丹东市,专科,None
500辽宁经济职业技术学院,辽宁省,辽宁省,沈阳市,专科,None
501辽宁石化职业技术学院,辽宁省,辽宁省,锦州市,专科,None
502渤海船舶职业学院,辽宁省,辽宁省,葫芦岛市,专科,None
503大连软件职业学院,辽宁省教育厅,辽宁省,大连市,专科,民办
504大连翻译职业学院,辽宁省教育厅,辽宁省,大连市,专科,民办
505辽宁商贸职业学院,辽宁省,辽宁省,沈阳市,专科,None
506大连枫叶职业技术学院,辽宁省教育厅,辽宁省,大连市,专科,民办
507辽宁装备制造职业技术学院,辽宁省,辽宁省,沈阳市,专科,None
508辽河石油职业技术学院,辽宁省,辽宁省,盘锦市,专科,None
509辽宁地质工程职业学院,辽宁省,辽宁省,丹东市,专科,None
510辽宁铁道职业技术学院,辽宁省,辽宁省,锦州市,专科,None
511辽宁建筑职业学院,辽宁省,辽宁省,辽阳市,专科,None
512大连航运职业技术学院,辽宁省教育厅,辽宁省,大连市,专科,民办
513大连装备制造职业技术学院,辽宁省教育厅,辽宁省,大连市,专科,民办
514大连汽车职业技术学院,辽宁省教育厅,辽宁省,大连市,专科,民办
515辽宁现代服务职业技术学院,辽宁省,辽宁省,沈阳市,专科,None
516辽宁冶金职业技术学院,辽宁省,辽宁省,本溪市,专科,None
517辽宁工程职业学院,辽宁省,辽宁省,铁岭市,专科,None
518辽宁城市建设职业技术学院,辽宁省,辽宁省,沈阳市,专科,None
519辽宁医药职业学院,辽宁省,辽宁省,沈阳市,专科,None
520铁岭卫生职业学院,辽宁省,辽宁省,铁岭市,专科,None
521沈阳北软信息职业技术学院,辽宁省教育厅,辽宁省,沈阳市,专科,民办
522辽宁政法职业学院,辽宁省,辽宁省,沈阳市,专科,None
523辽宁民族师范高等专科学校,辽宁省,辽宁省,沈阳市,专科,None
524辽宁轻工职业学院,辽宁省,辽宁省,大连市,专科,None
525辽宁特殊教育师范高等专科学校,辽宁省,辽宁省,沈阳市,专科,None
526辽宁师范高等专科学校,辽宁省,辽宁省,沈阳市,专科,None
527鞍山职业技术学院,辽宁省,辽宁省,鞍山市,专科,None
528吉林大学,教育部,吉林省,长春市,本科,None
529延边大学,吉林省,吉林省,延边朝鲜族自治州,本科,None
530长春理工大学,吉林省,吉林省,长春市,本科,None
531东北电力大学,吉林省,吉林省,吉林市,本科,None
532长春工业大学,吉林省,吉林省,长春市,本科,None
533吉林建筑大学,吉林省,吉林省,长春市,本科,None
534吉林化工学院,吉林省,吉林省,吉林市,本科,None
535吉林农业大学,吉林省,吉林省,长春市,本科,None
536长春中医药大学,吉林省,吉林省,长春市,本科,None
537东北师范大学,教育部,吉林省,长春市,本科,None
538北华大学,吉林省,吉林省,吉林市,本科,None
539通化师范学院,吉林省,吉林省,通化市,本科,None
540吉林师范大学,吉林省,吉林省,四平市,本科,None
541吉林工程技术师范学院,吉林省,吉林省,长春市,本科,None
542长春师范大学,吉林省,吉林省,长春市,本科,None
543白城师范学院,吉林省,吉林省,白城市,本科,None
544吉林财经大学,吉林省,吉林省,长春市,本科,None
545吉林体育学院,吉林省,吉林省,长春市,本科,None
546吉林艺术学院,吉林省,吉林省,长春市,本科,None
547吉林外国语大学,吉林省教育厅,吉林省,长春市,本科,民办
548吉林工商学院,吉林省,吉林省,长春市,本科,None
549长春工程学院,吉林省,吉林省,长春市,本科,None
550吉林农业科技学院,吉林省,吉林省,吉林市,本科,None
551吉林警察学院,吉林省,吉林省,长春市,本科,None
552长春大学,吉林省,吉林省,长春市,本科,None
553长春光华学院,吉林省教育厅,吉林省,长春市,本科,民办
554长春工业大学人文信息学院,吉林省教育厅,吉林省,长春市,本科,民办
555长春电子科技学院,吉林省教育厅,吉林省,长春市,本科,民办
556长春财经学院,吉林省教育厅,吉林省,长春市,本科,民办
557吉林建筑科技学院,吉林省教育厅,吉林省,长春市,本科,民办
558长春建筑学院,吉林省教育厅,吉林省,长春市,本科,民办
559长春科技学院,吉林省教育厅,吉林省,长春市,本科,民办
560吉林动画学院,吉林省教育厅,吉林省,长春市,本科,民办
561吉林师范大学博达学院,吉林省教育厅,吉林省,四平市,本科,民办
562长春大学旅游学院,吉林省教育厅,吉林省,长春市,本科,民办
563长春人文学院,吉林省教育厅,吉林省,长春市,本科,民办
564吉林医药学院,吉林省,吉林省,吉林市,本科,None
565长春师范高等专科学校,吉林省,吉林省,长春市,专科,None
566辽源职业技术学院,吉林省,吉林省,辽源市,专科,None
567四平职业大学,吉林省,吉林省,四平市,专科,None
568长春汽车工业高等专科学校,吉林省,吉林省,长春市,专科,None
569长春金融高等专科学校,吉林省,吉林省,长春市,专科,None
570长春医学高等专科学校,吉林省,吉林省,长春市,专科,None
571吉林交通职业技术学院,吉林省,吉林省,长春市,专科,None
572长春东方职业学院,吉林省教育厅,吉林省,长春市,专科,民办
573吉林司法警官职业学院,吉林省,吉林省,长春市,专科,None
574吉林电子信息职业技术学院,吉林省,吉林省,吉林市,专科,None
575吉林工业职业技术学院,吉林省,吉林省,吉林市,专科,None
576吉林工程职业学院,吉林省,吉林省,四平市,专科,None
577长春职业技术学院,吉林省,吉林省,长春市,专科,None
578白城医学高等专科学校,吉林省,吉林省,白城市,专科,None
579长春信息技术职业学院,吉林省教育厅,吉林省,长春市,专科,民办
580松原职业技术学院,吉林省,吉林省,松原市,专科,None
581吉林铁道职业技术学院,吉林省,吉林省,吉林市,专科,None
582白城职业技术学院,吉林省,吉林省,白城市,专科,None
583长白山职业技术学院,吉林省,吉林省,白山市,专科,None
584吉林科技职业技术学院,吉林省教育厅,吉林省,长春市,专科,民办
585延边职业技术学院,吉林省,吉林省,延边朝鲜族自治州,专科,None
586吉林城市职业技术学院,吉林省教育厅,吉林省,长春市,专科,民办
587吉林职业技术学院,吉林省教育厅,吉林省,延边朝鲜族自治州,专科,民办
588吉林水利电力职业学院,吉林省,吉林省,长春市,专科,None
589长春健康职业学院,吉林省教育厅,吉林省,长春市,专科,民办
590长春早期教育职业学院,吉林省教育厅,吉林省,长春市,专科,民办
591梅河口康美职业技术学院,吉林省教育厅,吉林省,通化市,专科,民办
592吉林通用航空职业技术学院,吉林省,吉林省,吉林市,专科,None
593通化医药健康职业学院,吉林省,吉林省,通化市,专科,None
594黑龙江大学,黑龙江省,黑龙江省,哈尔滨市,本科,None
595哈尔滨工业大学,工业和信息化部,黑龙江省,哈尔滨市,本科,None
596哈尔滨理工大学,黑龙江省,黑龙江省,哈尔滨市,本科,None
597哈尔滨工程大学,工业和信息化部,黑龙江省,哈尔滨市,本科,None
598黑龙江科技大学,黑龙江省,黑龙江省,哈尔滨市,本科,None
599东北石油大学,黑龙江省,黑龙江省,大庆市,本科,None
600佳木斯大学,黑龙江省,黑龙江省,佳木斯市,本科,None
601黑龙江八一农垦大学,黑龙江省,黑龙江省,大庆市,本科,None
602东北农业大学,黑龙江省,黑龙江省,哈尔滨市,本科,None
603东北林业大学,教育部,黑龙江省,哈尔滨市,本科,None
604哈尔滨医科大学,黑龙江省,黑龙江省,哈尔滨市,本科,None
605黑龙江中医药大学,黑龙江省,黑龙江省,哈尔滨市,本科,None
606牡丹江医学院,黑龙江省,黑龙江省,牡丹江市,本科,None
607哈尔滨师范大学,黑龙江省,黑龙江省,哈尔滨市,本科,None
608齐齐哈尔大学,黑龙江省,黑龙江省,齐齐哈尔市,本科,None
609牡丹江师范学院,黑龙江省,黑龙江省,牡丹江市,本科,None
610哈尔滨学院,黑龙江省,黑龙江省,哈尔滨市,本科,None
611大庆师范学院,黑龙江省,黑龙江省,大庆市,本科,None
612绥化学院,黑龙江省,黑龙江省,绥化市,本科,None
613哈尔滨商业大学,黑龙江省,黑龙江省,哈尔滨市,本科,None
614哈尔滨体育学院,黑龙江省,黑龙江省,哈尔滨市,本科,None
615哈尔滨金融学院,黑龙江省,黑龙江省,哈尔滨市,本科,None
616齐齐哈尔医学院,黑龙江省,黑龙江省,齐齐哈尔市,本科,None
617黑龙江工业学院,黑龙江省,黑龙江省,鸡西市,本科,None
618黑龙江东方学院,黑龙江省教育厅,黑龙江省,哈尔滨市,本科,民办
619哈尔滨信息工程学院,黑龙江省教育厅,黑龙江省,哈尔滨市,本科,民办
620黑龙江工程学院,黑龙江省,黑龙江省,哈尔滨市,本科,None
621齐齐哈尔工程学院,黑龙江省教育厅,黑龙江省,齐齐哈尔市,本科,民办
622黑龙江外国语学院,黑龙江省教育厅,黑龙江省,哈尔滨市,本科,民办
623黑龙江财经学院,黑龙江省教育厅,黑龙江省,哈尔滨市,本科,民办
624哈尔滨石油学院,黑龙江省教育厅,黑龙江省,哈尔滨市,本科,民办
625黑龙江工商学院,黑龙江省教育厅,黑龙江省,哈尔滨市,本科,民办
626哈尔滨远东理工学院,黑龙江省教育厅,黑龙江省,哈尔滨市,本科,民办
627哈尔滨剑桥学院,黑龙江省教育厅,黑龙江省,哈尔滨市,本科,民办
628黑龙江工程学院昆仑旅游学院,黑龙江省教育厅,黑龙江省,哈尔滨市,本科,民办
629哈尔滨广厦学院,黑龙江省教育厅,黑龙江省,哈尔滨市,本科,民办
630哈尔滨华德学院,黑龙江省教育厅,黑龙江省,哈尔滨市,本科,民办
631黑河学院,黑龙江省,黑龙江省,黑河市,本科,None
632哈尔滨音乐学院,黑龙江省,黑龙江省,哈尔滨市,本科,None
633齐齐哈尔高等师范专科学校,黑龙江省,黑龙江省,齐齐哈尔市,专科,None
634伊春职业学院,黑龙江省,黑龙江省,伊春市,专科,None
635牡丹江大学,黑龙江省,黑龙江省,牡丹江市,专科,None
636黑龙江职业学院,黑龙江省,黑龙江省,哈尔滨市,专科,None
637黑龙江建筑职业技术学院,黑龙江省,黑龙江省,哈尔滨市,专科,None
638黑龙江艺术职业学院,黑龙江省,黑龙江省,哈尔滨市,专科,None
639大庆职业学院,黑龙江省,黑龙江省,大庆市,专科,None
640黑龙江林业职业技术学院,黑龙江省,黑龙江省,牡丹江市,专科,None
641黑龙江农业职业技术学院,黑龙江省,黑龙江省,佳木斯市,专科,None
642黑龙江农业工程职业学院,黑龙江省,黑龙江省,哈尔滨市,专科,None
643黑龙江农垦职业学院,黑龙江省,黑龙江省,哈尔滨市,专科,None
644黑龙江司法警官职业学院,黑龙江省,黑龙江省,哈尔滨市,专科,None
645鹤岗师范高等专科学校,黑龙江省,黑龙江省,鹤岗市,专科,None
646哈尔滨电力职业技术学院,黑龙江省,黑龙江省,哈尔滨市,专科,None
647哈尔滨铁道职业技术学院,黑龙江省,黑龙江省,哈尔滨市,专科,None
648大兴安岭职业学院,黑龙江省,黑龙江省,大兴安岭地区,专科,None
649黑龙江农业经济职业学院,黑龙江省,黑龙江省,牡丹江市,专科,None
650哈尔滨职业技术学院,黑龙江省,黑龙江省,哈尔滨市,专科,None
651哈尔滨传媒职业学院,黑龙江省教育厅,黑龙江省,哈尔滨市,专科,民办
652黑龙江商业职业学院,黑龙江省,黑龙江省,牡丹江市,专科,None
653黑龙江公安警官职业学院,黑龙江省,黑龙江省,哈尔滨市,专科,None
654哈尔滨城市职业学院,黑龙江省教育厅,黑龙江省,哈尔滨市,专科,民办
655黑龙江旅游职业技术学院,黑龙江省,黑龙江省,哈尔滨市,专科,None
656黑龙江三江美术职业学院,黑龙江省教育厅,黑龙江省,佳木斯市,专科,民办
657黑龙江生态工程职业学院,黑龙江省,黑龙江省,哈尔滨市,专科,None
658黑龙江能源职业学院,黑龙江省,黑龙江省,双鸭山市,专科,None
659七台河职业学院,黑龙江省,黑龙江省,七台河市,专科,None
660黑龙江民族职业学院,黑龙江省,黑龙江省,哈尔滨市,专科,None
661大庆医学高等专科学校,黑龙江省,黑龙江省,大庆市,专科,None
662黑龙江交通职业技术学院,黑龙江省,黑龙江省,哈尔滨市,专科,None
663哈尔滨应用职业技术学院,黑龙江省教育厅,黑龙江省,哈尔滨市,专科,民办
664黑龙江幼儿师范高等专科学校,黑龙江省,黑龙江省,牡丹江市,专科,None
665哈尔滨科学技术职业学院,黑龙江省,黑龙江省,哈尔滨市,专科,None
666佳木斯职业学院,黑龙江省,黑龙江省,佳木斯市,专科,None
667黑龙江护理高等专科学校,黑龙江省,黑龙江省,哈尔滨市,专科,None
668齐齐哈尔理工职业学院,黑龙江省教育厅,黑龙江省,齐齐哈尔市,专科,民办
669哈尔滨幼儿师范高等专科学校,黑龙江省,黑龙江省,哈尔滨市,专科,None
670黑龙江冰雪体育职业学院,黑龙江省,黑龙江省,哈尔滨市,专科,None
671哈尔滨北方航空职业技术学院,黑龙江省教育厅,黑龙江省,哈尔滨市,专科,民办
672复旦大学,教育部,上海市,上海市,本科,None
673同济大学,教育部,上海市,上海市,本科,None
674上海交通大学,教育部,上海市,上海市,本科,None
675华东理工大学,教育部,上海市,上海市,本科,None
676上海理工大学,上海市,上海市,上海市,本科,None
677上海海事大学,上海市,上海市,上海市,本科,None
678东华大学,教育部,上海市,上海市,本科,None
679上海电力大学,上海市,上海市,上海市,本科,None
680上海应用技术大学,上海市,上海市,上海市,本科,None
681上海健康医学院,上海市,上海市,上海市,本科,None
682上海海洋大学,上海市,上海市,上海市,本科,None
683上海中医药大学,上海市,上海市,上海市,本科,None
684华东师范大学,教育部,上海市,上海市,本科,None
685上海师范大学,上海市,上海市,上海市,本科,None
686上海外国语大学,教育部,上海市,上海市,本科,None
687上海财经大学,教育部,上海市,上海市,本科,None
688上海对外经贸大学,上海市,上海市,上海市,本科,None
689上海海关学院,海关总署,上海市,上海市,本科,None
690华东政法大学,上海市,上海市,上海市,本科,None
691上海体育大学,上海市,上海市,上海市,本科,None
692上海音乐学院,上海市,上海市,上海市,本科,None
693上海戏剧学院,上海市,上海市,上海市,本科,None
694上海大学,上海市,上海市,上海市,本科,None
695上海公安学院,上海市,上海市,上海市,本科,None
696上海工程技术大学,上海市,上海市,上海市,本科,None
697上海立信会计金融学院,上海市,上海市,上海市,本科,None
698上海电机学院,上海市,上海市,上海市,本科,None
699上海杉达学院,上海市教委,上海市,上海市,本科,民办
700上海政法学院,上海市,上海市,上海市,本科,None
701上海第二工业大学,上海市,上海市,上海市,本科,None
702上海商学院,上海市,上海市,上海市,本科,None
703上海立达学院,上海市教委,上海市,上海市,本科,民办
704上海建桥学院,上海市教委,上海市,上海市,本科,民办
705上海兴伟学院,上海市教委,上海市,上海市,本科,民办
706上海中侨职业技术大学,上海市教委,上海市,上海市,本科,民办
707上海视觉艺术学院,上海市教委,上海市,上海市,本科,民办
708上海外国语大学贤达经济人文学院,上海市教委,上海市,上海市,本科,民办
709上海师范大学天华学院,上海市教委,上海市,上海市,本科,民办
710上海科技大学,上海市 中国科学院,上海市,上海市,本科,None
711上海纽约大学,上海市教委,上海市,上海市,本科,中外合作办学及内地与港澳合作办学
712上海旅游高等专科学校,上海市,上海市,上海市,专科,None
713上海东海职业技术学院,上海市教委,上海市,上海市,专科,民办
714上海工商职业技术学院,上海市教委,上海市,上海市,专科,民办
715上海出版印刷高等专科学校,上海市,上海市,上海市,专科,None
716上海行健职业学院,上海市,上海市,上海市,专科,None
717上海城建职业学院,上海市,上海市,上海市,专科,None
718上海交通职业技术学院,上海市,上海市,上海市,专科,None
719上海海事职业技术学院,上海市,上海市,上海市,专科,None
720上海电子信息职业技术学院,上海市,上海市,上海市,专科,None
721上海震旦职业学院,上海市教委,上海市,上海市,专科,民办
722上海民远职业技术学院,上海市教委,上海市,上海市,专科,民办
723上海欧华职业技术学院,上海市教委,上海市,上海市,专科,民办
724上海思博职业技术学院,上海市教委,上海市,上海市,专科,民办
725上海工艺美术职业学院,上海市,上海市,上海市,专科,None
726上海济光职业技术学院,上海市教委,上海市,上海市,专科,民办
727上海工商外国语职业学院,上海市教委,上海市,上海市,专科,民办
728上海科学技术职业学院,上海市,上海市,上海市,专科,None
729上海农林职业技术学院,上海市,上海市,上海市,专科,None
730上海邦德职业技术学院,上海市教委,上海市,上海市,专科,民办
731上海电影艺术职业学院,上海市教委,上海市,上海市,专科,民办
732上海中华职业技术学院,上海市教委,上海市,上海市,专科,民办
733上海工会管理职业学院,上海市,上海市,上海市,专科,None
734上海民航职业技术学院,交通运输部（中国民用航空局）,上海市,上海市,专科,None
735上海南湖职业技术学院,上海市,上海市,上海市,专科,None
736上海科创职业技术学院,上海市,上海市,上海市,专科,None
737上海闵行职业技术学院,上海市,上海市,上海市,专科,None
738上海现代化工职业学院,上海市,上海市,上海市,专科,None
739上海建设管理职业技术学院,上海市,上海市,上海市,专科,None
740南京大学,教育部,江苏省,南京市,本科,None
741苏州大学,江苏省,江苏省,苏州市,本科,None
742东南大学,教育部,江苏省,南京市,本科,None
743南京航空航天大学,工业和信息化部,江苏省,南京市,本科,None
744南京理工大学,工业和信息化部,江苏省,南京市,本科,None
745江苏科技大学,江苏省,江苏省,镇江市,本科,None
746中国矿业大学,教育部,江苏省,徐州市,本科,None
747南京工业大学,江苏省,江苏省,南京市,本科,None
748常州大学,江苏省,江苏省,常州市,本科,None
749南京邮电大学,江苏省,江苏省,南京市,本科,None
750河海大学,教育部,江苏省,南京市,本科,None
751江南大学,教育部,江苏省,无锡市,本科,None
752南京林业大学,江苏省,江苏省,南京市,本科,None
753江苏大学,江苏省,江苏省,镇江市,本科,None
754南京信息工程大学,江苏省,江苏省,南京市,本科,None
755南通大学,江苏省,江苏省,南通市,本科,None
756盐城工学院,江苏省,江苏省,盐城市,本科,None
757南京农业大学,教育部,江苏省,南京市,本科,None
758南京医科大学,江苏省,江苏省,南京市,本科,None
759徐州医科大学,江苏省,江苏省,徐州市,本科,None
760南京中医药大学,江苏省,江苏省,南京市,本科,None
761中国药科大学,教育部,江苏省,南京市,本科,None
762南京师范大学,江苏省,江苏省,南京市,本科,None
763江苏师范大学,江苏省,江苏省,徐州市,本科,None
764淮阴师范学院,江苏省,江苏省,淮安市,本科,None
765盐城师范学院,江苏省,江苏省,盐城市,本科,None
766南京财经大学,江苏省,江苏省,南京市,本科,None
767江苏警官学院,江苏省,江苏省,南京市,本科,None
768南京体育学院,江苏省,江苏省,南京市,本科,None
769南京艺术学院,江苏省,江苏省,南京市,本科,None
770苏州科技大学,江苏省,江苏省,苏州市,本科,None
771常熟理工学院,江苏省,江苏省,苏州市,本科,None
772南京工业职业技术大学,江苏省,江苏省,南京市,本科,None
773淮阴工学院,江苏省,江苏省,淮安市,本科,None
774常州工学院,江苏省,江苏省,常州市,本科,None
775扬州大学,江苏省,江苏省,扬州市,本科,None
776三江学院,江苏省教育厅,江苏省,南京市,本科,民办
777南京工程学院,江苏省,江苏省,南京市,本科,None
778南京审计大学,江苏省,江苏省,南京市,本科,None
779南京晓庄学院,江苏省,江苏省,南京市,本科,None
780江苏理工学院,江苏省,江苏省,常州市,本科,None
781江苏海洋大学,江苏省,江苏省,连云港市,本科,None
782徐州工程学院,江苏省,江苏省,徐州市,本科,None
783南京特殊教育师范学院,江苏省,江苏省,南京市,本科,None
784南通理工学院,江苏省教育厅,江苏省,南通市,本科,民办
785南京警察学院,公安部,江苏省,南京市,本科,None
786东南大学成贤学院,江苏省教育厅,江苏省,南京市,本科,民办
787泰州学院,江苏省,江苏省,泰州市,本科,None
788无锡太湖学院,江苏省教育厅,江苏省,无锡市,本科,民办
789金陵科技学院,江苏省,江苏省,南京市,本科,None
790中国矿业大学徐海学院,江苏省教育厅,江苏省,徐州市,本科,民办
791南京大学金陵学院,江苏省教育厅,江苏省,南京市,本科,民办
792南京理工大学紫金学院,江苏省教育厅,江苏省,南京市,本科,民办
793南京航空航天大学金城学院,江苏省教育厅,江苏省,南京市,本科,民办
794南京传媒学院,江苏省教育厅,江苏省,南京市,本科,民办
795南京理工大学泰州科技学院,江苏省教育厅,江苏省,泰州市,本科,民办
796南京师范大学泰州学院,江苏省教育厅,江苏省,泰州市,本科,民办
797南京工业大学浦江学院,江苏省教育厅,江苏省,南京市,本科,民办
798南京师范大学中北学院,江苏省教育厅,江苏省,镇江市,本科,民办
799南京医科大学康达学院,江苏省教育厅,江苏省,连云港市,本科,民办
800南京中医药大学翰林学院,江苏省教育厅,江苏省,泰州市,本科,民办
801无锡学院,江苏省,江苏省,无锡市,本科,None
802苏州城市学院,江苏省,江苏省,苏州市,本科,None
803苏州大学应用技术学院,江苏省教育厅,江苏省,苏州市,本科,民办
804苏州科技大学天平学院,江苏省教育厅,江苏省,苏州市,本科,民办
805江苏大学京江学院,江苏省教育厅,江苏省,镇江市,本科,民办
806扬州大学广陵学院,江苏省教育厅,江苏省,扬州市,本科,民办
807江苏师范大学科文学院,江苏省教育厅,江苏省,徐州市,本科,民办
808南京邮电大学通达学院,江苏省教育厅,江苏省,扬州市,本科,民办
809南京财经大学红山学院,江苏省教育厅,江苏省,镇江市,本科,民办
810江苏科技大学苏州理工学院,江苏省教育厅,江苏省,苏州市,本科,民办
811常州大学怀德学院,江苏省教育厅,江苏省,泰州市,本科,民办
812南通大学杏林学院,江苏省教育厅,江苏省,南通市,本科,民办
813南京审计大学金审学院,江苏省教育厅,江苏省,南京市,本科,民办
814宿迁学院,江苏省,江苏省,宿迁市,本科,None
815江苏第二师范学院,江苏省,江苏省,南京市,本科,None
816西交利物浦大学,江苏省教育厅,江苏省,苏州市,本科,中外合作办学及内地与港澳合作办学
817昆山杜克大学,江苏省教育厅,江苏省,昆山市,本科,中外合作办学及内地与港澳合作办学
818盐城幼儿师范高等专科学校,江苏省,江苏省,盐城市,专科,None
819苏州幼儿师范高等专科学校,江苏省,江苏省,苏州市,专科,None
820明达职业技术学院,江苏省教育厅,江苏省,盐城市,专科,民办
821无锡职业技术学院,江苏省,江苏省,无锡市,专科,None
822江苏建筑职业技术学院,江苏省,江苏省,徐州市,专科,None
823江苏工程职业技术学院,江苏省,江苏省,南通市,专科,None
824苏州工艺美术职业技术学院,江苏省,江苏省,苏州市,专科,None
825连云港职业技术学院,江苏省,江苏省,连云港市,专科,None
826镇江市高等专科学校,江苏省,江苏省,镇江市,专科,None
827南通职业大学,江苏省,江苏省,南通市,专科,None
828苏州市职业大学,江苏省,江苏省,苏州市,专科,None
829沙洲职业工学院,江苏省,江苏省,苏州市,专科,None
830扬州市职业大学,江苏省,江苏省,扬州市,专科,None
831连云港师范高等专科学校,江苏省,江苏省,连云港市,专科,None
832江苏经贸职业技术学院,江苏省,江苏省,南京市,专科,None
833九州职业技术学院,江苏省教育厅,江苏省,徐州市,专科,民办
834硅湖职业技术学院,江苏省教育厅,江苏省,苏州市,专科,民办
835泰州职业技术学院,江苏省,江苏省,泰州市,专科,None
836常州信息职业技术学院,江苏省,江苏省,常州市,专科,None
837江苏联合职业技术学院,江苏省,江苏省,南京市,专科,None
838江苏海事职业技术学院,江苏省,江苏省,南京市,专科,None
839应天职业技术学院,江苏省教育厅,江苏省,南京市,专科,民办
840无锡科技职业学院,江苏省,江苏省,无锡市,专科,None
841江苏医药职业学院,江苏省,江苏省,盐城市,专科,None
842扬州环境资源职业技术学院,江苏省,江苏省,扬州市,专科,None
843南通科技职业学院,江苏省,江苏省,南通市,专科,None
844苏州经贸职业技术学院,江苏省,江苏省,苏州市,专科,None
845苏州工业职业技术学院,江苏省,江苏省,苏州市,专科,None
846苏州托普信息职业技术学院,江苏省教育厅,江苏省,苏州市,专科,民办
847苏州卫生职业技术学院,江苏省,江苏省,苏州市,专科,None
848无锡商业职业技术学院,江苏省,江苏省,无锡市,专科,None
849江苏航运职业技术学院,江苏省,江苏省,南通市,专科,None
850南京交通职业技术学院,江苏省,江苏省,南京市,专科,None
851江苏电子信息职业学院,江苏省,江苏省,淮安市,专科,None
852江苏农牧科技职业学院,江苏省,江苏省,泰州市,专科,None
853常州纺织服装职业技术学院,江苏省,江苏省,常州市,专科,None
854苏州农业职业技术学院,江苏省,江苏省,苏州市,专科,None
855苏州工业园区职业技术学院,江苏省,江苏省,苏州市,专科,None
856太湖创意职业技术学院,江苏省教育厅,江苏省,无锡市,专科,民办
857炎黄职业技术学院,江苏省教育厅,江苏省,淮安市,专科,民办
858南京科技职业学院,江苏省,江苏省,南京市,专科,None
859正德职业技术学院,江苏省教育厅,江苏省,南京市,专科,民办
860钟山职业技术学院,江苏省教育厅,江苏省,南京市,专科,民办
861无锡南洋职业技术学院,江苏省教育厅,江苏省,无锡市,专科,民办
862江南影视艺术职业学院,江苏省教育厅,江苏省,无锡市,专科,民办
863金肯职业技术学院,江苏省教育厅,江苏省,南京市,专科,民办
864常州工业职业技术学院,江苏省,江苏省,常州市,专科,None
865常州工程职业技术学院,江苏省,江苏省,常州市,专科,None
866江苏农林职业技术学院,江苏省,江苏省,镇江市,专科,None
867江苏食品药品职业技术学院,江苏省,江苏省,淮安市,专科,None
868建东职业技术学院,江苏省教育厅,江苏省,常州市,专科,民办
869南京铁道职业技术学院,江苏省,江苏省,南京市,专科,None
870徐州工业职业技术学院,江苏省,江苏省,徐州市,专科,None
871江苏信息职业技术学院,江苏省,江苏省,无锡市,专科,None
872宿迁职业技术学院,江苏省,江苏省,宿迁市,专科,None
873南京信息职业技术学院,江苏省,江苏省,南京市,专科,None
874江海职业技术学院,江苏省教育厅,江苏省,扬州市,专科,民办
875常州机电职业技术学院,江苏省,江苏省,常州市,专科,None
876江阴职业技术学院,江苏省,江苏省,无锡市,专科,None
877无锡城市职业技术学院,江苏省,江苏省,无锡市,专科,None
878无锡工艺职业技术学院,江苏省,江苏省,无锡市,专科,None
879金山职业技术学院,江苏省教育厅,江苏省,镇江市,专科,民办
880苏州健雄职业技术学院,江苏省,江苏省,苏州市,专科,None
881盐城工业职业技术学院,江苏省,江苏省,盐城市,专科,None
882江苏财经职业技术学院,江苏省,江苏省,淮安市,专科,None
883扬州工业职业技术学院,江苏省,江苏省,扬州市,专科,None
884苏州百年职业学院,江苏省教育厅,江苏省,苏州市,专科,中外合作办学及内地与港澳合作办学
885昆山登云科技职业学院,江苏省教育厅,江苏省,苏州市,专科,民办
886南京视觉艺术职业学院,江苏省教育厅,江苏省,南京市,专科,民办
887江苏城市职业学院,江苏省,江苏省,南京市,专科,None
888南京城市职业学院,江苏省,江苏省,南京市,专科,None
889南京机电职业技术学院,江苏省,江苏省,南京市,专科,None
890苏州高博软件技术职业学院,江苏省教育厅,江苏省,苏州市,专科,民办
891南京旅游职业学院,江苏省,江苏省,南京市,专科,None
892江苏卫生健康职业学院,江苏省,江苏省,南京市,专科,None
893苏州信息职业技术学院,江苏省,江苏省,苏州市,专科,None
894宿迁泽达职业技术学院,江苏省教育厅,江苏省,宿迁市,专科,民办
895苏州工业园区服务外包职业学院,江苏省,江苏省,苏州市,专科,None
896徐州幼儿师范高等专科学校,江苏省,江苏省,徐州市,专科,None
897徐州生物工程职业技术学院,江苏省,江苏省,徐州市,专科,None
898江苏商贸职业学院,江苏省,江苏省,南通市,专科,None
899南通师范高等专科学校,江苏省,江苏省,南通市,专科,None
900扬州中瑞酒店职业学院,江苏省教育厅,江苏省,扬州市,专科,民办
901江苏护理职业学院,江苏省,江苏省,淮安市,专科,None
902江苏财会职业学院,江苏省,江苏省,连云港市,专科,None
903江苏城乡建设职业学院,江苏省,江苏省,常州市,专科,None
904江苏航空职业技术学院,江苏省,江苏省,镇江市,专科,None
905江苏安全技术职业学院,江苏省,江苏省,徐州市,专科,None
906江苏旅游职业学院,江苏省,江苏省,扬州市,专科,None
907常州幼儿师范高等专科学校,江苏省,江苏省,常州市,专科,None
908浙江大学,教育部,浙江省,杭州市,本科,None
909杭州电子科技大学,浙江省,浙江省,杭州市,本科,None
910浙江工业大学,浙江省,浙江省,杭州市,本科,None
911浙江理工大学,浙江省,浙江省,杭州市,本科,None
912浙江海洋大学,浙江省,浙江省,舟山市,本科,None
913浙江农林大学,浙江省,浙江省,杭州市,本科,None
914温州医科大学,浙江省,浙江省,温州市,本科,None
915浙江中医药大学,浙江省,浙江省,杭州市,本科,None
916浙江师范大学,浙江省,浙江省,金华市,本科,None
917杭州师范大学,浙江省,浙江省,杭州市,本科,None
918湖州师范学院,浙江省,浙江省,湖州市,本科,None
919绍兴文理学院,浙江省,浙江省,绍兴市,本科,None
920台州学院,浙江省,浙江省,台州市,本科,None
921温州大学,浙江省,浙江省,温州市,本科,None
922丽水学院,浙江省,浙江省,丽水市,本科,None
923浙江工商大学,浙江省,浙江省,杭州市,本科,None
924嘉兴学院,浙江省,浙江省,嘉兴市,本科,None
925中国美术学院,浙江省,浙江省,杭州市,本科,None
926中国计量大学,浙江省,浙江省,杭州市,本科,None
927浙江万里学院,浙江省,浙江省,宁波市,本科,None
928浙江科技学院,浙江省,浙江省,杭州市,本科,None
929宁波工程学院,浙江省,浙江省,宁波市,本科,None
930浙江水利水电学院,浙江省,浙江省,杭州市,本科,None
931浙江财经大学,浙江省,浙江省,杭州市,本科,None
932浙江警察学院,浙江省,浙江省,杭州市,本科,None
933衢州学院,浙江省,浙江省,衢州市,本科,None
934宁波大学,浙江省,浙江省,宁波市,本科,None
935浙江传媒学院,浙江省,浙江省,杭州市,本科,None
936浙江树人学院,浙江省教育厅,浙江省,杭州市,本科,民办
937浙江越秀外国语学院,浙江省教育厅,浙江省,绍兴市,本科,民办
938宁波财经学院,浙江省教育厅,浙江省,宁波市,本科,民办
939浙大城市学院,浙江省,浙江省,杭州市,本科,None
940浙大宁波理工学院,浙江省,浙江省,宁波市,本科,None
941杭州医学院,浙江省,浙江省,杭州市,本科,None
942浙江广厦建设职业技术大学,浙江省教育厅,浙江省,金华市,本科,民办
943浙江工业大学之江学院,浙江省教育厅,浙江省,杭州市,本科,民办
944浙江师范大学行知学院,浙江省教育厅,浙江省,金华市,本科,民办
945宁波大学科学技术学院,浙江省教育厅,浙江省,宁波市,本科,民办
946杭州电子科技大学信息工程学院,浙江省教育厅,浙江省,杭州市,本科,民办
947浙江理工大学科技与艺术学院,浙江省教育厅,浙江省,杭州市,本科,民办
948浙江农林大学暨阳学院,浙江省教育厅,浙江省,绍兴市,本科,民办
949温州医科大学仁济学院,浙江省教育厅,浙江省,温州市,本科,民办
950浙江中医药大学滨江学院,浙江省教育厅,浙江省,杭州市,本科,民办
951杭州师范大学钱江学院,浙江省教育厅,浙江省,杭州市,本科,民办
952湖州学院,浙江省,浙江省,湖州市,本科,None
953绍兴文理学院元培学院,浙江省教育厅,浙江省,绍兴市,本科,民办
954温州理工学院,浙江省,浙江省,温州市,本科,None
955浙江工商大学杭州商学院,浙江省教育厅,浙江省,杭州市,本科,民办
956嘉兴南湖学院,浙江省,浙江省,嘉兴市,本科,None
957中国计量大学现代科技学院,浙江省教育厅,浙江省,杭州市,本科,民办
958浙江财经大学东方学院,浙江省教育厅,浙江省,嘉兴市,本科,民办
959温州商学院,浙江省教育厅,浙江省,温州市,本科,民办
960同济大学浙江学院,浙江省教育厅,浙江省,嘉兴市,本科,民办
961上海财经大学浙江学院,浙江省教育厅,浙江省,金华市,本科,民办
962浙江外国语学院,浙江省,浙江省,杭州市,本科,None
963浙江音乐学院,浙江省,浙江省,杭州市,本科,None
964西湖大学,浙江省教育厅,浙江省,杭州市,本科,民办
965浙江药科职业大学,浙江省,浙江省,宁波市,本科,None
966宁波诺丁汉大学,浙江省教育厅,浙江省,宁波市,本科,中外合作办学及内地与港澳合作办学
967温州肯恩大学,浙江省教育厅,浙江省,温州市,本科,中外合作办学及内地与港澳合作办学
968宁波职业技术学院,浙江省,浙江省,宁波市,专科,None
969温州职业技术学院,浙江省,浙江省,温州市,专科,None
970浙江交通职业技术学院,浙江省,浙江省,杭州市,专科,None
971金华职业技术学院,浙江省,浙江省,金华市,专科,None
972宁波城市职业技术学院,浙江省,浙江省,宁波市,专科,None
973浙江电力职业技术学院,浙江省,浙江省,杭州市,专科,None
974浙江同济科技职业学院,浙江省,浙江省,杭州市,专科,None
975浙江工商职业技术学院,浙江省,浙江省,宁波市,专科,None
976台州职业技术学院,浙江省,浙江省,台州市,专科,None
977浙江工贸职业技术学院,浙江省,浙江省,温州市,专科,None
978浙江机电职业技术学院,浙江省,浙江省,杭州市,专科,None
979浙江建设职业技术学院,浙江省,浙江省,杭州市,专科,None
980浙江艺术职业学院,浙江省,浙江省,杭州市,专科,None
981浙江经贸职业技术学院,浙江省,浙江省,杭州市,专科,None
982浙江商业职业技术学院,浙江省,浙江省,杭州市,专科,None
983浙江经济职业技术学院,浙江省,浙江省,杭州市,专科,None
984浙江旅游职业学院,浙江省,浙江省,杭州市,专科,None
None浙江育英职业技术学院,浙江省教育厅,浙江省,杭州市,专科,民办
986浙江警官职业学院,浙江省,浙江省,杭州市,专科,None
987浙江金融职业学院,浙江省,浙江省,杭州市,专科,None
988浙江工业职业技术学院,浙江省,浙江省,绍兴市,专科,None
989杭州职业技术学院,浙江省,浙江省,杭州市,专科,None
990嘉兴职业技术学院,浙江省,浙江省,嘉兴市,专科,None
991湖州职业技术学院,浙江省,浙江省,湖州市,专科,None
992绍兴职业技术学院,浙江省教育厅,浙江省,绍兴市,专科,民办
993衢州职业技术学院,浙江省,浙江省,衢州市,专科,None
994丽水职业技术学院,浙江省,浙江省,丽水市,专科,None
995浙江东方职业技术学院,浙江省教育厅,浙江省,温州市,专科,民办
996义乌工商职业技术学院,浙江省,浙江省,金华市,专科,None
997浙江纺织服装职业技术学院,浙江省,浙江省,宁波市,专科,None
998杭州科技职业技术学院,浙江省,浙江省,杭州市,专科,None
999浙江长征职业技术学院,浙江省教育厅,浙江省,杭州市,专科,民办
1000嘉兴南洋职业技术学院,浙江省教育厅,浙江省,嘉兴市,专科,民办
1001杭州万向职业技术学院,浙江省教育厅,浙江省,杭州市,专科,民办
1002浙江邮电职业技术学院,浙江省,浙江省,绍兴市,专科,None
1003宁波卫生职业技术学院,浙江省,浙江省,宁波市,专科,None
1004台州科技职业学院,浙江省,浙江省,台州市,专科,None
1005浙江国际海运职业技术学院,浙江省,浙江省,舟山市,专科,None
1006浙江体育职业技术学院,浙江省,浙江省,杭州市,专科,None
1007温州科技职业学院,浙江省,浙江省,温州市,专科,None
1008浙江汽车职业技术学院,浙江省教育厅,浙江省,台州市,专科,民办
1009浙江横店影视职业学院,浙江省教育厅,浙江省,金华市,专科,民办
1010浙江农业商贸职业学院,浙江省,浙江省,绍兴市,专科,None
1011浙江特殊教育职业学院,浙江省,浙江省,杭州市,专科,None
1012浙江安防职业技术学院,浙江省,浙江省,温州市,专科,None
1013浙江宇翔职业技术学院,浙江省教育厅,浙江省,湖州市,专科,民办
1014浙江金华科贸职业技术学院,浙江省教育厅,浙江省,金华市,专科,民办
1015浙江舟山群岛新区旅游与健康职业学院,浙江省,浙江省,舟山市,专科,None
1016宁波幼儿师范高等专科学校,浙江省,浙江省,宁波市,专科,None
1017安徽大学,安徽省,安徽省,合肥市,本科,None
1018中国科学技术大学,中国科学院,安徽省,合肥市,本科,None
1019合肥工业大学,教育部,安徽省,合肥市,本科,None
1020安徽工业大学,安徽省,安徽省,马鞍山市,本科,None
1021安徽理工大学,安徽省,安徽省,淮南市,本科,None
1022安徽工程大学,安徽省,安徽省,芜湖市,本科,None
1023安徽农业大学,安徽省,安徽省,合肥市,本科,None
1024安徽医科大学,安徽省,安徽省,合肥市,本科,None
1025蚌埠医学院,安徽省,安徽省,蚌埠市,本科,None
1026皖南医学院,安徽省,安徽省,芜湖市,本科,None
1027安徽中医药大学,安徽省,安徽省,合肥市,本科,None
1028安徽师范大学,安徽省,安徽省,芜湖市,本科,None
1029阜阳师范大学,安徽省,安徽省,阜阳市,本科,None
1030安庆师范大学,安徽省,安徽省,安庆市,本科,None
1031淮北师范大学,安徽省,安徽省,淮北市,本科,None
1032黄山学院,安徽省,安徽省,黄山市,本科,None
1033皖西学院,安徽省,安徽省,六安市,本科,None
1034滁州学院,安徽省,安徽省,滁州市,本科,None
1035安徽财经大学,安徽省,安徽省,蚌埠市,本科,None
1036宿州学院,安徽省,安徽省,宿州市,本科,None
1037巢湖学院,安徽省,安徽省,合肥市,本科,None
1038淮南师范学院,安徽省,安徽省,淮南市,本科,None
1039铜陵学院,安徽省,安徽省,铜陵市,本科,None
1040安徽建筑大学,安徽省,安徽省,合肥市,本科,None
1041安徽科技学院,安徽省,安徽省,滁州市,本科,None
1042安徽三联学院,安徽省教育厅,安徽省,合肥市,本科,民办
1043合肥学院,安徽省,安徽省,合肥市,本科,None
1044蚌埠学院,安徽省,安徽省,蚌埠市,本科,None
1045池州学院,安徽省,安徽省,池州市,本科,None
1046安徽新华学院,安徽省教育厅,安徽省,合肥市,本科,民办
1047安徽文达信息工程学院,安徽省教育厅,安徽省,合肥市,本科,民办
1048亳州学院,安徽省,安徽省,亳州市,本科,None
1049安徽外国语学院,安徽省教育厅,安徽省,合肥市,本科,民办
1050蚌埠工商学院,安徽省教育厅,安徽省,蚌埠市,本科,民办
1051安徽大学江淮学院,安徽省教育厅,安徽省,合肥市,本科,民办
1052安徽信息工程学院,安徽省教育厅,安徽省,芜湖市,本科,民办
1053马鞍山学院,安徽省教育厅,安徽省,马鞍山市,本科,民办
1054合肥城市学院,安徽省教育厅,安徽省,合肥市,本科,民办
1055合肥经济学院,安徽省教育厅,安徽省,合肥市,本科,民办
1056安徽师范大学皖江学院,安徽省教育厅,安徽省,芜湖市,本科,民办
1057安徽医科大学临床医学院,安徽省教育厅,安徽省,合肥市,本科,民办
1058阜阳师范大学信息工程学院,安徽省教育厅,安徽省,阜阳市,本科,民办
1059淮北理工学院,安徽省教育厅,安徽省,淮北市,本科,民办
1060合肥师范学院,安徽省,安徽省,合肥市,本科,None
1061皖江工学院,安徽省教育厅,安徽省,马鞍山市,本科,民办
1062安徽艺术学院,安徽省,安徽省,合肥市,本科,None
1063安徽职业技术学院,安徽省,安徽省,合肥市,专科,None
1064淮北职业技术学院,安徽省,安徽省,淮北市,专科,None
1065芜湖职业技术学院,安徽省,安徽省,芜湖市,专科,None
1066淮南联合大学,安徽省,安徽省,淮南市,专科,None
1067安徽商贸职业技术学院,安徽省,安徽省,芜湖市,专科,None
1068安徽水利水电职业技术学院,安徽省,安徽省,合肥市,专科,None
1069阜阳职业技术学院,安徽省,安徽省,阜阳市,专科,None
1070铜陵职业技术学院,安徽省,安徽省,铜陵市,专科,None
1071民办万博科技职业学院,安徽省教育厅,安徽省,合肥市,专科,民办
1072安徽警官职业学院,安徽省,安徽省,合肥市,专科,None
1073淮南职业技术学院,安徽省,安徽省,淮南市,专科,None
1074安徽工业经济职业技术学院,安徽省,安徽省,合肥市,专科,None
1075合肥通用职业技术学院,安徽省,安徽省,合肥市,专科,None
1076安徽工贸职业技术学院,安徽省,安徽省,淮南市,专科,None
1077宿州职业技术学院,安徽省,安徽省,宿州市,专科,None
1078六安职业技术学院,安徽省,安徽省,六安市,专科,None
1079安徽电子信息职业技术学院,安徽省,安徽省,蚌埠市,专科,None
1080民办合肥经济技术职业学院,安徽省教育厅,安徽省,合肥市,专科,民办
1081安徽交通职业技术学院,安徽省,安徽省,合肥市,专科,None
1082安徽体育运动职业技术学院,安徽省,安徽省,合肥市,专科,None
1083安徽中医药高等专科学校,安徽省,安徽省,芜湖市,专科,None
1084安徽医学高等专科学校,安徽省,安徽省,合肥市,专科,None
1085合肥职业技术学院,安徽省,安徽省,合肥市,专科,None
1086滁州职业技术学院,安徽省,安徽省,滁州市,专科,None
1087池州职业技术学院,安徽省,安徽省,池州市,专科,None
1088宣城职业技术学院,安徽省,安徽省,宣城市,专科,None
1089安徽广播影视职业技术学院,安徽省,安徽省,合肥市,专科,None
1090民办合肥滨湖职业技术学院,安徽省教育厅,安徽省,合肥市,专科,民办
1091安徽电气工程职业技术学院,安徽省,安徽省,合肥市,专科,None
1092安徽冶金科技职业学院,安徽省,安徽省,马鞍山市,专科,None
1093安徽城市管理职业学院,安徽省,安徽省,合肥市,专科,None
1094安徽机电职业技术学院,安徽省,安徽省,芜湖市,专科,None
1095安徽工商职业学院,安徽省,安徽省,合肥市,专科,None
1096安徽中澳科技职业学院,安徽省,安徽省,合肥市,专科,None
1097阜阳科技职业学院,安徽省教育厅,安徽省,阜阳市,专科,民办
1098亳州职业技术学院,安徽省,安徽省,亳州市,专科,None
1099安徽国防科技职业学院,安徽省,安徽省,六安市,专科,None
1100安庆职业技术学院,安徽省,安徽省,安庆市,专科,None
1101安徽艺术职业学院,安徽省,安徽省,合肥市,专科,None
1102马鞍山师范高等专科学校,安徽省,安徽省,马鞍山市,专科,None
1103安徽财贸职业学院,安徽省,安徽省,合肥市,专科,None
1104安徽国际商务职业学院,安徽省,安徽省,合肥市,专科,None
1105安徽公安职业学院,安徽省,安徽省,合肥市,专科,None
1106安徽林业职业技术学院,安徽省,安徽省,合肥市,专科,None
1107安徽审计职业学院,安徽省,安徽省,合肥市,专科,None
1108安徽新闻出版职业技术学院,安徽省,安徽省,合肥市,专科,None
1109安徽邮电职业技术学院,安徽省,安徽省,合肥市,专科,None
1110安徽工业职业技术学院,安徽省,安徽省,铜陵市,专科,None
1111民办合肥财经职业学院,安徽省教育厅,安徽省,合肥市,专科,民办
1112安庆医药高等专科学校,安徽省,安徽省,安庆市,专科,None
1113安徽涉外经济职业学院,安徽省教育厅,安徽省,合肥市,专科,民办
1114安徽绿海商务职业学院,安徽省教育厅,安徽省,合肥市,专科,民办
1115合肥共达职业技术学院,安徽省教育厅,安徽省,合肥市,专科,民办
1116蚌埠经济技术职业学院,安徽省教育厅,安徽省,蚌埠市,专科,民办
1117民办安徽旅游职业学院,安徽省教育厅,安徽省,阜阳市,专科,民办
1118徽商职业学院,安徽省,安徽省,合肥市,专科,None
1119马鞍山职业技术学院,安徽省,安徽省,马鞍山市,专科,None
1120安徽现代信息工程职业学院,安徽省教育厅,安徽省,淮南市,专科,民办
1121安徽矿业职业技术学院,安徽省教育厅,安徽省,淮北市,专科,民办
1122合肥信息技术职业学院,安徽省教育厅,安徽省,合肥市,专科,民办
1123桐城师范高等专科学校,安徽省,安徽省,安庆市,专科,None
1124黄山职业技术学院,安徽省,安徽省,黄山市,专科,None
1125滁州城市职业学院,安徽省,安徽省,滁州市,专科,None
1126安徽汽车职业技术学院,安徽省,安徽省,合肥市,专科,None
1127皖西卫生职业学院,安徽省,安徽省,六安市,专科,None
1128合肥幼儿师范高等专科学校,安徽省,安徽省,合肥市,专科,None
1129安徽扬子职业技术学院,安徽省教育厅,安徽省,芜湖市,专科,民办
1130安徽黄梅戏艺术职业学院,安徽省,安徽省,安庆市,专科,None
1131安徽粮食工程职业学院,安徽省,安徽省,合肥市,专科,None
1132安徽卫生健康职业学院,安徽省,安徽省,池州市,专科,None
1133合肥科技职业学院,安徽省教育厅,安徽省,合肥市,专科,民办
1134皖北卫生职业学院,安徽省,安徽省,宿州市,专科,None
1135阜阳幼儿师范高等专科学校,安徽省,安徽省,阜阳市,专科,None
1136黄山健康职业学院,安徽省教育厅,安徽省,黄山市,专科,民办
1137宿州航空职业学院,安徽省教育厅,安徽省,宿州市,专科,民办
1138厦门大学,教育部,福建省,厦门市,本科,None
1139华侨大学,中央统战部,福建省,泉州市,本科,None
1140福州大学,福建省,福建省,福州市,本科,None
1141福建理工大学,福建省,福建省,福州市,本科,None
1142福建农林大学,福建省,福建省,福州市,本科,None
1143集美大学,福建省,福建省,厦门市,本科,None
1144福建医科大学,福建省,福建省,福州市,本科,None
1145福建中医药大学,福建省,福建省,福州市,本科,None
1146福建师范大学,福建省,福建省,福州市,本科,None
1147闽江学院,福建省,福建省,福州市,本科,None
1148武夷学院,福建省,福建省,南平市,本科,None
1149宁德师范学院,福建省,福建省,宁德市,本科,None
1150泉州师范学院,福建省,福建省,泉州市,本科,None
1151闽南师范大学,福建省,福建省,漳州市,本科,None
1152厦门理工学院,福建省,福建省,厦门市,本科,None
1153三明学院,福建省,福建省,三明市,本科,None
1154龙岩学院,福建省,福建省,龙岩市,本科,None
1155福建商学院,福建省,福建省,福州市,本科,None
1156福建警察学院,福建省,福建省,福州市,本科,None
1157莆田学院,福建省,福建省,莆田市,本科,None
1158仰恩大学,福建省教育厅,福建省,泉州市,本科,民办
1159厦门医学院,福建省,福建省,厦门市,本科,None
1160厦门华厦学院,福建省教育厅,福建省,厦门市,本科,民办
1161闽南理工学院,福建省教育厅,福建省,泉州市,本科,民办
1162泉州职业技术大学,福建省教育厅,福建省,泉州市,本科,民办
1163闽南科技学院,福建省教育厅,福建省,泉州市,本科,民办
1164福州工商学院,福建省教育厅,福建省,福州市,本科,民办
1165厦门工学院,福建省教育厅,福建省,厦门市,本科,民办
1166阳光学院,福建省教育厅,福建省,福州市,本科,民办
1167厦门大学嘉庚学院,福建省教育厅,福建省,漳州市,本科,民办
1168福州大学至诚学院,福建省教育厅,福建省,福州市,本科,民办
1169集美大学诚毅学院,福建省教育厅,福建省,厦门市,本科,民办
1170福建师范大学协和学院,福建省教育厅,福建省,福州市,本科,民办
1171福州外语外贸学院,福建省教育厅,福建省,福州市,本科,民办
1172福建江夏学院,福建省,福建省,福州市,本科,None
1173泉州信息工程学院,福建省教育厅,福建省,泉州市,本科,民办
1174福州理工学院,福建省教育厅,福建省,福州市,本科,民办
1175福建农林大学金山学院,福建省教育厅,福建省,福州市,本科,民办
1176福建技术师范学院,福建省,福建省,福州市,本科,None
1177福建船政交通职业学院,福建省,福建省,福州市,专科,None
1178漳州职业技术学院,福建省,福建省,漳州市,专科,None
1179闽西职业技术学院,福建省,福建省,龙岩市,专科,None
1180黎明职业大学,福建省,福建省,泉州市,专科,None
1181福建华南女子职业学院,福建省教育厅,福建省,福州市,专科,民办
1182福州职业技术学院,福建省,福建省,福州市,专科,None
1183福建林业职业技术学院,福建省,福建省,南平市,专科,None
1184福建信息职业技术学院,福建省,福建省,福州市,专科,None
1185福建水利电力职业技术学院,福建省,福建省,三明市,专科,None
1186福建电力职业技术学院,福建省,福建省,泉州市,专科,None
1187厦门海洋职业技术学院,福建省,福建省,厦门市,专科,None
1188福建农业职业技术学院,福建省,福建省,福州市,专科,None
1189福建卫生职业技术学院,福建省,福建省,福州市,专科,None
1190泉州医学高等专科学校,福建省,福建省,泉州市,专科,None
1191福州英华职业学院,福建省教育厅,福建省,福州市,专科,民办
1192泉州纺织服装职业学院,福建省教育厅,福建省,泉州市,专科,民办
1193泉州华光职业学院,福建省教育厅,福建省,泉州市,专科,民办
1194闽北职业技术学院,福建省,福建省,南平市,专科,None
1195福州黎明职业技术学院,福建省教育厅,福建省,福州市,专科,民办
1196厦门演艺职业学院,福建省教育厅,福建省,厦门市,专科,民办
1197厦门华天涉外职业技术学院,福建省教育厅,福建省,厦门市,专科,民办
1198福州科技职业技术学院,福建省教育厅,福建省,福州市,专科,民办
1199泉州经贸职业技术学院,福建省,福建省,泉州市,专科,None
1200福建对外经济贸易职业技术学院,福建省,福建省,福州市,专科,None
1201湄洲湾职业技术学院,福建省,福建省,莆田市,专科,None
1202福建生物工程职业技术学院,福建省,福建省,福州市,专科,None
1203福建艺术职业学院,福建省,福建省,福州市,专科,None
1204福建幼儿师范高等专科学校,福建省,福建省,福州市,专科,None
1205厦门城市职业学院,福建省,福建省,厦门市,专科,None
1206泉州工艺美术职业学院,福建省,福建省,泉州市,专科,None
1207三明医学科技职业学院,福建省,福建省,三明市,专科,None
1208宁德职业技术学院,福建省,福建省,宁德市,专科,None
1209福州软件职业技术学院,福建省教育厅,福建省,福州市,专科,民办
1210厦门兴才职业技术学院,福建省教育厅,福建省,厦门市,专科,民办
1211厦门软件职业技术学院,福建省教育厅,福建省,厦门市,专科,民办
1212福建体育职业技术学院,福建省,福建省,福州市,专科,None
1213漳州城市职业学院,福建省,福建省,漳州市,专科,None
1214厦门南洋职业学院,福建省教育厅,福建省,厦门市,专科,民办
1215厦门东海职业技术学院,福建省教育厅,福建省,厦门市,专科,民办
1216漳州科技职业学院,福建省教育厅,福建省,漳州市,专科,民办
1217漳州理工职业学院,福建省教育厅,福建省,漳州市,专科,民办
1218武夷山职业学院,福建省教育厅,福建省,南平市,专科,民办
1219漳州卫生职业学院,福建省,福建省,漳州市,专科,None
1220泉州海洋职业学院,福建省教育厅,福建省,泉州市,专科,民办
1221泉州轻工职业学院,福建省教育厅,福建省,泉州市,专科,民办
1222厦门安防科技职业学院,福建省教育厅,福建省,厦门市,专科,民办
1223泉州幼儿师范高等专科学校,福建省,福建省,泉州市,专科,None
1224闽江师范高等专科学校,福建省,福建省,福州市,专科,None
1225泉州工程职业技术学院,福建省教育厅,福建省,泉州市,专科,民办
1226福州墨尔本理工职业学院,福建省教育厅,福建省,福州市,专科,中外合作办学及内地与港澳合作办学
1227南昌大学,江西省,江西省,南昌市,本科,None
1228华东交通大学,江西省,江西省,南昌市,本科,None
1229东华理工大学,江西省,江西省,抚州市,本科,None
1230南昌航空大学,江西省,江西省,南昌市,本科,None
1231江西理工大学,江西省,江西省,赣州市,本科,None
1232景德镇陶瓷大学,江西省,江西省,景德镇市,本科,None
1233江西农业大学,江西省,江西省,南昌市,本科,None
1234江西中医药大学,江西省,江西省,南昌市,本科,None
1235赣南医学院,江西省,江西省,赣州市,本科,None
1236江西师范大学,江西省,江西省,南昌市,本科,None
1237上饶师范学院,江西省,江西省,上饶市,本科,None
1238宜春学院,江西省,江西省,宜春市,本科,None
1239赣南师范大学,江西省,江西省,赣州市,本科,None
1240井冈山大学,江西省,江西省,吉安市,本科,None
1241江西财经大学,江西省,江西省,南昌市,本科,None
1242江西科技学院,江西省教育厅,江西省,南昌市,本科,民办
1243景德镇学院,江西省,江西省,景德镇市,本科,None
1244萍乡学院,江西省,江西省,萍乡市,本科,None
1245江西科技师范大学,江西省,江西省,南昌市,本科,None
1246南昌工程学院,江西省,江西省,南昌市,本科,None
1247江西警察学院,江西省,江西省,南昌市,本科,None
1248新余学院,江西省,江西省,新余市,本科,None
1249九江学院,江西省,江西省,九江市,本科,None
1250江西工程学院,江西省教育厅,江西省,新余市,本科,民办
1251南昌理工学院,江西省教育厅,江西省,南昌市,本科,民办
1252江西应用科技学院,江西省教育厅,江西省,南昌市,本科,民办
1253江西服装学院,江西省教育厅,江西省,南昌市,本科,民办
1254南昌职业大学,江西省教育厅,江西省,南昌市,本科,民办
1255南昌工学院,江西省教育厅,江西省,南昌市,本科,民办
1256南昌大学科学技术学院,江西省教育厅,江西省,南昌市,本科,民办
1257南昌大学共青学院,江西省教育厅,江西省,九江市,本科,民办
1258南昌交通学院,江西省教育厅,江西省,南昌市,本科,民办
1259赣东学院,江西省,江西省,抚州市,本科,None
1260南昌航空大学科技学院,江西省教育厅,江西省,南昌市,本科,民办
1261赣南科技学院,江西省,江西省,赣州市,本科,None
1262景德镇艺术职业大学,江西省教育厅,江西省,景德镇市,本科,民办
1263江西农业大学南昌商学院,江西省教育厅,江西省,南昌市,本科,民办
1264南昌医学院,江西省,江西省,南昌市,本科,None
1265江西师范大学科学技术学院,江西省教育厅,江西省,南昌市,本科,民办
1266赣南师范大学科技学院,江西省教育厅,江西省,赣州市,本科,民办
1267南昌应用技术师范学院,江西省教育厅,江西省,南昌市,本科,民办
1268江西财经大学现代经济管理学院,江西省教育厅,江西省,南昌市,本科,民办
1269豫章师范学院,江西省,江西省,南昌市,本科,None
1270江西软件职业技术大学,江西省教育厅,江西省,南昌市,本科,民办
1271南昌师范学院,江西省,江西省,南昌市,本科,None
1272上饶幼儿师范高等专科学校,江西省,江西省,上饶市,专科,None
1273抚州幼儿师范高等专科学校,江西省,江西省,抚州市,专科,None
1274江西工业职业技术学院,江西省,江西省,南昌市,专科,None
1275江西医学高等专科学校,江西省,江西省,上饶市,专科,None
1276九江职业大学,江西省,江西省,九江市,专科,None
1277九江职业技术学院,江西省,江西省,九江市,专科,None
1278江西司法警官职业学院,江西省,江西省,南昌市,专科,None
1279江西陶瓷工艺美术职业技术学院,江西省,江西省,景德镇市,专科,None
1280江西旅游商贸职业学院,江西省,江西省,南昌市,专科,None
1281江西电力职业技术学院,江西省,江西省,南昌市,专科,None
1282江西环境工程职业学院,江西省,江西省,赣州市,专科,None
1283江西艺术职业学院,江西省,江西省,南昌市,专科,None
1284鹰潭职业技术学院,江西省,江西省,鹰潭市,专科,None
1285江西信息应用职业技术学院,江西省,江西省,南昌市,专科,None
1286江西交通职业技术学院,江西省,江西省,南昌市,专科,None
1287江西财经职业学院,江西省,江西省,九江市,专科,None
1288江西应用技术职业学院,江西省,江西省,赣州市,专科,None
1289江西现代职业技术学院,江西省,江西省,南昌市,专科,None
1290江西工业工程职业技术学院,江西省,江西省,萍乡市,专科,None
1291江西机电职业技术学院,江西省,江西省,南昌市,专科,None
1292江西科技职业学院,江西省教育厅,江西省,南昌市,专科,民办
1293江西外语外贸职业学院,江西省,江西省,南昌市,专科,None
1294江西工业贸易职业技术学院,江西省,江西省,南昌市,专科,None
1295宜春职业技术学院,江西省,江西省,宜春市,专科,None
1296江西应用工程职业学院,江西省,江西省,萍乡市,专科,None
1297江西生物科技职业学院,江西省,江西省,南昌市,专科,None
1298江西建设职业技术学院,江西省,江西省,南昌市,专科,None
1299抚州职业技术学院,江西省,江西省,抚州市,专科,None
1300江西中医药高等专科学校,江西省,江西省,抚州市,专科,None
1301江西经济管理职业学院,江西省,江西省,南昌市,专科,None
1302江西制造职业技术学院,江西省,江西省,南昌市,专科,None
1303江西工程职业学院,江西省,江西省,南昌市,专科,None
1304江西青年职业学院,江西省,江西省,南昌市,专科,None
1305上饶职业技术学院,江西省,江西省,上饶市,专科,None
1306江西航空职业技术学院,江西省教育厅,江西省,南昌市,专科,民办
1307江西农业工程职业学院,江西省,江西省,宜春市,专科,None
1308赣西科技职业学院,江西省教育厅,江西省,新余市,专科,民办
1309江西卫生职业学院,江西省,江西省,南昌市,专科,None
1310江西新能源科技职业学院,江西省教育厅,江西省,新余市,专科,民办
1311江西枫林涉外经贸职业学院,江西省教育厅,江西省,九江市,专科,民办
1312江西泰豪动漫职业学院,江西省教育厅,江西省,南昌市,专科,民办
1313江西冶金职业技术学院,江西省,江西省,新余市,专科,None
1314江西管理职业学院,江西省,江西省,南昌市,专科,None
1315江西传媒职业学院,江西省,江西省,南昌市,专科,None
1316江西工商职业技术学院,江西省教育厅,江西省,南昌市,专科,民办
1317景德镇陶瓷职业技术学院,江西省教育厅,江西省,景德镇市,专科,民办
1318共青科技职业学院,江西省教育厅,江西省,九江市,专科,民办
1319赣州师范高等专科学校,江西省,江西省,赣州市,专科,None
1320江西水利职业学院,江西省,江西省,南昌市,专科,None
1321宜春幼儿师范高等专科学校,江西省,江西省,宜春市,专科,None
1322吉安职业技术学院,江西省,江西省,吉安市,专科,None
1323江西洪州职业学院,江西省教育厅,江西省,宜春市,专科,民办
1324江西师范高等专科学校,江西省,江西省,鹰潭市,专科,None
1325南昌影视传播职业学院,江西省教育厅,江西省,南昌市,专科,民办
1326赣南卫生健康职业学院,江西省,江西省,赣州市,专科,None
1327萍乡卫生职业学院,江西省,江西省,萍乡市,专科,None
1328江西婺源茶业职业学院,江西省,江西省,上饶市,专科,None
1329赣州职业技术学院,江西省,江西省,赣州市,专科,None
1330南昌健康职业技术学院,江西省,江西省,南昌市,专科,None
1331九江理工职业学院,江西省教育厅,江西省,九江市,专科,民办
1332和君职业学院,江西省教育厅,江西省,赣州市,专科,民办
1333吉安幼儿师范高等专科学校,江西省,江西省,吉安市,专科,None
1334上饶卫生健康职业学院,江西省,江西省,上饶市,专科,None
1335山东大学,教育部,山东省,济南市,本科,None
1336中国海洋大学,教育部,山东省,青岛市,本科,None
1337山东科技大学,山东省,山东省,青岛市,本科,None
1338中国石油大学（华东）,教育部,山东省,青岛市,本科,None
1339青岛科技大学,山东省,山东省,青岛市,本科,None
1340济南大学,山东省,山东省,济南市,本科,None
1341青岛理工大学,山东省,山东省,青岛市,本科,None
1342山东建筑大学,山东省,山东省,济南市,本科,None
1343齐鲁工业大学,山东省,山东省,济南市,本科,None
1344山东理工大学,山东省,山东省,淄博市,本科,None
1345山东农业大学,山东省,山东省,泰安市,本科,None
1346青岛农业大学,山东省,山东省,青岛市,本科,None
1347潍坊医学院,山东省,山东省,潍坊市,本科,None
1348山东第一医科大学,山东省,山东省,济南市,本科,None
1349滨州医学院,山东省,山东省,滨州市,本科,None
1350山东中医药大学,山东省,山东省,济南市,本科,None
1351济宁医学院,山东省,山东省,济宁市,本科,None
1352山东师范大学,山东省,山东省,济南市,本科,None
1353曲阜师范大学,山东省,山东省,济宁市,本科,None
1354聊城大学,山东省,山东省,聊城市,本科,None
1355德州学院,山东省,山东省,德州市,本科,None
1356滨州学院,山东省,山东省,滨州市,本科,None
1357鲁东大学,山东省,山东省,烟台市,本科,None
1358临沂大学,山东省,山东省,临沂市,本科,None
1359泰山学院,山东省,山东省,泰安市,本科,None
1360济宁学院,山东省,山东省,济宁市,本科,None
1361菏泽学院,山东省,山东省,菏泽市,本科,None
1362山东财经大学,山东省,山东省,济南市,本科,None
1363山东体育学院,山东省,山东省,济南市,本科,None
1364山东艺术学院,山东省,山东省,济南市,本科,None
1365齐鲁医药学院,山东省教育厅,山东省,淄博市,本科,民办
1366青岛滨海学院,山东省教育厅,山东省,青岛市,本科,民办
1367枣庄学院,山东省,山东省,枣庄市,本科,None
1368山东工艺美术学院,山东省,山东省,济南市,本科,None
1369青岛大学,山东省,山东省,青岛市,本科,None
1370烟台大学,山东省,山东省,烟台市,本科,None
1371潍坊学院,山东省,山东省,潍坊市,本科,None
1372山东警察学院,山东省,山东省,济南市,本科,None
1373山东交通学院,山东省,山东省,济南市,本科,None
1374山东工商学院,山东省,山东省,烟台市,本科,None
1375山东女子学院,山东省,山东省,济南市,本科,None
1376烟台南山学院,山东省教育厅,山东省,烟台市,本科,民办
1377潍坊科技学院,山东省教育厅,山东省,潍坊市,本科,民办
1378山东英才学院,山东省教育厅,山东省,济南市,本科,民办
1379青岛恒星科技学院,山东省教育厅,山东省,青岛市,本科,民办
1380青岛黄海学院,山东省教育厅,山东省,青岛市,本科,民办
1381山东现代学院,山东省教育厅,山东省,济南市,本科,民办
1382山东协和学院,山东省教育厅,山东省,济南市,本科,民办
1383山东工程职业技术大学,山东省教育厅,山东省,济南市,本科,民办
1384烟台理工学院,山东省教育厅,山东省,烟台市,本科,民办
1385聊城大学东昌学院,山东省教育厅,山东省,聊城市,本科,民办
1386青岛城市学院,山东省教育厅,山东省,青岛市,本科,民办
1387潍坊理工学院,山东省教育厅,山东省,潍坊市,本科,民办
1388山东财经大学燕山学院,山东省教育厅,山东省,济南市,本科,民办
1389山东石油化工学院,山东省,山东省,东营市,本科,None
1390山东外国语职业技术大学,山东省教育厅,山东省,日照市,本科,民办
1391泰山科技学院,山东省教育厅,山东省,泰安市,本科,民办
1392山东华宇工学院,山东省教育厅,山东省,德州市,本科,民办
1393山东外事职业大学,山东省教育厅,山东省,威海市,本科,民办
1394青岛工学院,山东省教育厅,山东省,青岛市,本科,民办
1395青岛农业大学海都学院,山东省教育厅,山东省,烟台市,本科,民办
1396齐鲁理工学院,山东省教育厅,山东省,济南市,本科,民办
1397山东财经大学东方学院,山东省教育厅,山东省,泰安市,本科,民办
1398烟台科技学院,山东省教育厅,山东省,烟台市,本科,民办
1399山东政法学院,山东省,山东省,济南市,本科,None
1400齐鲁师范学院,山东省,山东省,济南市,本科,None
1401山东青年政治学院,山东省,山东省,济南市,本科,None
1402青岛电影学院,山东省教育厅,山东省,青岛市,本科,民办
1403山东管理学院,山东省,山东省,济南市,本科,None
1404山东农业工程学院,山东省,山东省,济南市,本科,None
1405山东医学高等专科学校,山东省,山东省,临沂市,专科,None
1406菏泽医学专科学校,山东省,山东省,菏泽市,专科,None
1407山东商业职业技术学院,山东省,山东省,济南市,专科,None
1408山东电力高等专科学校,山东省,山东省,济南市,专科,None
1409日照职业技术学院,山东省,山东省,日照市,专科,None
1410曲阜远东职业技术学院,山东省教育厅,山东省,济宁市,专科,民办
1411青岛职业技术学院,山东省,山东省,青岛市,专科,None
1412威海职业学院,山东省,山东省,威海市,专科,None
1413山东职业学院,山东省,山东省,济南市,专科,None
1414山东劳动职业技术学院,山东省,山东省,济南市,专科,None
1415莱芜职业技术学院,山东省,山东省,济南市,专科,None
1416济宁职业技术学院,山东省,山东省,济宁市,专科,None
1417潍坊职业学院,山东省,山东省,潍坊市,专科,None
1418烟台职业学院,山东省,山东省,烟台市,专科,None
1419东营职业学院,山东省,山东省,东营市,专科,None
1420聊城职业技术学院,山东省,山东省,聊城市,专科,None
1421滨州职业学院,山东省,山东省,滨州市,专科,None
1422山东科技职业学院,山东省,山东省,潍坊市,专科,None
1423山东服装职业学院,山东省,山东省,泰安市,专科,None
1424德州科技职业学院,山东省教育厅,山东省,德州市,专科,民办
1425山东力明科技职业学院,山东省教育厅,山东省,泰安市,专科,民办
1426山东圣翰财贸职业学院,山东省教育厅,山东省,济南市,专科,民办
1427山东水利职业学院,山东省,山东省,日照市,专科,None
1428山东畜牧兽医职业学院,山东省,山东省,潍坊市,专科,None
1429青岛飞洋职业技术学院,山东省教育厅,山东省,青岛市,专科,民办
1430东营科技职业学院,山东省教育厅,山东省,东营市,专科,民办
1431山东交通职业学院,山东省,山东省,潍坊市,专科,None
1432淄博职业学院,山东省,山东省,淄博市,专科,None
1433山东外贸职业学院,山东省,山东省,青岛市,专科,None
1434青岛酒店管理职业技术学院,山东省,山东省,青岛市,专科,None
1435山东信息职业技术学院,山东省,山东省,潍坊市,专科,None
1436青岛港湾职业技术学院,山东省,山东省,青岛市,专科,None
1437山东胜利职业学院,山东省,山东省,东营市,专科,None
1438山东经贸职业学院,山东省,山东省,潍坊市,专科,None
1439山东工业职业学院,山东省,山东省,淄博市,专科,None
1440山东化工职业学院,山东省,山东省,淄博市,专科,None
1441青岛求实职业技术学院,山东省教育厅,山东省,青岛市,专科,民办
1442济南职业学院,山东省,山东省,济南市,专科,None
1443烟台工程职业技术学院,山东省,山东省,烟台市,专科,None
1444潍坊工商职业学院,山东省教育厅,山东省,潍坊市,专科,民办
1445德州职业技术学院,山东省,山东省,德州市,专科,None
1446枣庄科技职业学院,山东省,山东省,枣庄市,专科,None
1447淄博师范高等专科学校,山东省,山东省,淄博市,专科,None
1448山东中医药高等专科学校,山东省,山东省,烟台市,专科,None
1449济南工程职业技术学院,山东省,山东省,济南市,专科,None
1450山东电子职业技术学院,山东省,山东省,济南市,专科,None
1451山东旅游职业学院,山东省,山东省,济南市,专科,None
1452山东铝业职业学院,山东省,山东省,淄博市,专科,None
1453山东杏林科技职业学院,山东省教育厅,山东省,济南市,专科,民办
1454泰山职业技术学院,山东省,山东省,泰安市,专科,None
1455山东药品食品职业学院,山东省,山东省,威海市,专科,None
1456山东商务职业学院,山东省,山东省,烟台市,专科,None
1457山东轻工职业学院,山东省,山东省,淄博市,专科,None
1458山东城市建设职业学院,山东省,山东省,济南市,专科,None
1459烟台汽车工程职业学院,山东省,山东省,烟台市,专科,None
1460山东司法警官职业学院,山东省,山东省,济南市,专科,None
1461菏泽家政职业学院,山东省,山东省,菏泽市,专科,None
1462山东传媒职业学院,山东省,山东省,济南市,专科,None
1463临沂职业学院,山东省,山东省,临沂市,专科,None
1464枣庄职业学院,山东省,山东省,枣庄市,专科,None
1465山东理工职业学院,山东省,山东省,济宁市,专科,None
1466山东文化产业职业学院,山东省教育厅,山东省,青岛市,专科,民办
1467青岛远洋船员职业学院,山东省,山东省,青岛市,专科,None
1468济南幼儿师范高等专科学校,山东省,山东省,济南市,专科,None
1469济南护理职业学院,山东省,山东省,济南市,专科,None
1470泰山护理职业学院,山东省,山东省,泰安市,专科,None
1471山东海事职业学院,山东省教育厅,山东省,潍坊市,专科,民办
1472潍坊护理职业学院,山东省,山东省,潍坊市,专科,None
1473潍坊工程职业学院,山东省,山东省,潍坊市,专科,None
1474菏泽职业学院,山东省,山东省,菏泽市,专科,None
1475山东艺术设计职业学院,山东省教育厅,山东省,济南市,专科,民办
1476威海海洋职业学院,山东省,山东省,威海市,专科,None
1477山东特殊教育职业学院,山东省,山东省,济南市,专科,None
1478烟台黄金职业学院,山东省教育厅,山东省,烟台市,专科,民办
1479日照航海工程职业学院,山东省教育厅,山东省,日照市,专科,民办
1480青岛工程职业学院,山东省,山东省,青岛市,专科,None
1481青岛幼儿师范高等专科学校,山东省,山东省,青岛市,专科,None
1482烟台幼儿师范高等专科学校,山东省,山东省,烟台市,专科,None
1483烟台文化旅游职业学院,山东省,山东省,烟台市,专科,None
1484临沂科技职业学院,山东省,山东省,临沂市,专科,None
1485青岛航空科技职业学院,山东省教育厅,山东省,青岛市,专科,民办
1486潍坊环境工程职业学院,山东省教育厅,山东省,潍坊市,专科,民办
1487滨州科技职业学院,山东省教育厅,山东省,滨州市,专科,民办
1488山东城市服务职业学院,山东省,山东省,烟台市,专科,None
1489潍坊食品科技职业学院,山东省教育厅,山东省,潍坊市,专科,民办
1490烟台城市科技职业学院,山东省教育厅,山东省,烟台市,专科,民办
1491华北水利水电大学,河南省,河南省,郑州市,本科,None
1492郑州大学,河南省,河南省,郑州市,本科,None
1493河南理工大学,河南省,河南省,焦作市,本科,None
1494郑州轻工业大学,河南省,河南省,郑州市,本科,None
1495河南工业大学,河南省,河南省,郑州市,本科,None
1496河南科技大学,河南省,河南省,洛阳市,本科,None
1497中原工学院,河南省,河南省,郑州市,本科,None
1498河南农业大学,河南省,河南省,郑州市,本科,None
1499河南科技学院,河南省,河南省,新乡市,本科,None
1500河南牧业经济学院,河南省,河南省,郑州市,本科,None
1501河南中医药大学,河南省,河南省,郑州市,本科,None
1502新乡医学院,河南省,河南省,新乡市,本科,None
1503河南大学,河南省,河南省,开封市,本科,None
1504河南师范大学,河南省,河南省,新乡市,本科,None
1505信阳师范大学,河南省,河南省,信阳市,本科,None
1506周口师范学院,河南省,河南省,周口市,本科,None
1507安阳师范学院,河南省,河南省,安阳市,本科,None
1508许昌学院,河南省,河南省,许昌市,本科,None
1509南阳师范学院,河南省,河南省,南阳市,本科,None
1510洛阳师范学院,河南省,河南省,洛阳市,本科,None
1511商丘师范学院,河南省,河南省,商丘市,本科,None
1512河南财经政法大学,河南省,河南省,郑州市,本科,None
1513郑州航空工业管理学院,河南省,河南省,郑州市,本科,None
1514黄淮学院,河南省,河南省,驻马店市,本科,None
1515平顶山学院,河南省,河南省,平顶山市,本科,None
1516郑州工程技术学院,河南省,河南省,郑州市,本科,None
1517洛阳理工学院,河南省,河南省,洛阳市,本科,None
1518新乡学院,河南省,河南省,新乡市,本科,None
1519信阳农林学院,河南省,河南省,信阳市,本科,None
1520河南工学院,河南省,河南省,新乡市,本科,None
1521安阳工学院,河南省,河南省,安阳市,本科,None
1522河南工程学院,河南省,河南省,郑州市,本科,None
1523河南财政金融学院,河南省,河南省,郑州市,本科,None
1524南阳理工学院,河南省,河南省,南阳市,本科,None
1525河南城建学院,河南省,河南省,平顶山市,本科,None
1526河南警察学院,河南省,河南省,郑州市,本科,None
1527黄河科技学院,河南省教育厅,河南省,郑州市,本科,民办
1528郑州警察学院,公安部,河南省,郑州市,本科,None
1529郑州科技学院,河南省教育厅,河南省,郑州市,本科,民办
1530郑州工业应用技术学院,河南省教育厅,河南省,郑州市,本科,民办
1531郑州师范学院,河南省,河南省,郑州市,本科,None
1532郑州财经学院,河南省教育厅,河南省,郑州市,本科,民办
1533黄河交通学院,河南省教育厅,河南省,焦作市,本科,民办
1534商丘工学院,河南省教育厅,河南省,商丘市,本科,民办
1535河南开封科技传媒学院,河南省教育厅,河南省,开封市,本科,民办
1536中原科技学院,河南省教育厅,河南省,郑州市,本科,民办
1537信阳学院,河南省教育厅,河南省,信阳市,本科,民办
1538安阳学院,河南省教育厅,河南省,安阳市,本科,民办
1539新乡医学院三全学院,河南省教育厅,河南省,新乡市,本科,民办
1540新乡工程学院,河南省教育厅,河南省,新乡市,本科,民办
1541郑州工商学院,河南省教育厅,河南省,郑州市,本科,民办
1542郑州经贸学院,河南省教育厅,河南省,郑州市,本科,民办
1543商丘学院,河南省教育厅,河南省,商丘市,本科,民办
1544郑州商学院,河南省教育厅,河南省,郑州市,本科,民办
1545河南科技职业大学,河南省教育厅,河南省,周口市,本科,民办
1546郑州升达经贸管理学院,河南省教育厅,河南省,郑州市,本科,民办
1547郑州西亚斯学院,河南省教育厅,河南省,郑州市,本科,民办
1548郑州美术学院,河南省教育厅,河南省,郑州市,本科,民办
1549河南职业技术学院,河南省,河南省,郑州市,专科,None
1550漯河职业技术学院,河南省,河南省,漯河市,专科,None
1551三门峡职业技术学院,河南省,河南省,三门峡市,专科,None
1552郑州铁路职业技术学院,河南省,河南省,郑州市,专科,None
1553开封大学,河南省,河南省,开封市,专科,None
1554焦作大学,河南省,河南省,焦作市,专科,None
1555濮阳职业技术学院,河南省,河南省,濮阳市,专科,None
1556郑州电力高等专科学校,河南省,河南省,郑州市,专科,None
1557黄河水利职业技术学院,河南省,河南省,开封市,专科,None
1558许昌职业技术学院,河南省,河南省,许昌市,专科,None
1559河南工业和信息化职业学院,河南省,河南省,焦作市,专科,None
1560河南水利与环境职业学院,河南省,河南省,郑州市,专科,None
1561商丘职业技术学院,河南省,河南省,商丘市,专科,None
1562平顶山工业职业技术学院,河南省,河南省,平顶山市,专科,None
1563周口职业技术学院,河南省,河南省,周口市,专科,None
1564济源职业技术学院,河南省,河南省,济源市,专科,None
1565河南司法警官职业学院,河南省,河南省,郑州市,专科,None
1566鹤壁职业技术学院,河南省,河南省,鹤壁市,专科,None
1567河南工业职业技术学院,河南省,河南省,南阳市,专科,None
1568郑州澍青医学高等专科学校,河南省教育厅,河南省,郑州市,专科,民办
1569焦作师范高等专科学校,河南省,河南省,焦作市,专科,None
1570河南检察职业学院,河南省,河南省,郑州市,专科,None
1571河南质量工程职业学院,河南省,河南省,平顶山市,专科,None
1572郑州信息科技职业学院,河南省,河南省,郑州市,专科,None
1573漯河医学高等专科学校,河南省,河南省,漯河市,专科,None
1574南阳医学高等专科学校,河南省,河南省,南阳市,专科,None
1575商丘医学高等专科学校,河南省,河南省,商丘市,专科,None
1576郑州电子信息职业技术学院,河南省教育厅,河南省,郑州市,专科,民办
1577信阳职业技术学院,河南省,河南省,信阳市,专科,None
1578嵩山少林武术职业学院,河南省教育厅,河南省,郑州市,专科,民办
1579郑州工业安全职业学院,河南省,河南省,郑州市,专科,None
1580永城职业学院,河南省,河南省,商丘市,专科,None
1581河南经贸职业学院,河南省,河南省,郑州市,专科,None
1582河南交通职业技术学院,河南省,河南省,郑州市,专科,None
1583河南农业职业学院,河南省,河南省,郑州市,专科,None
1584郑州旅游职业学院,河南省,河南省,郑州市,专科,None
1585郑州职业技术学院,河南省,河南省,郑州市,专科,None
1586河南信息统计职业学院,河南省,河南省,郑州市,专科,None
1587河南林业职业学院,河南省,河南省,洛阳市,专科,None
1588河南工业贸易职业学院,河南省,河南省,郑州市,专科,None
1589郑州电力职业技术学院,河南省教育厅,河南省,郑州市,专科,民办
1590河南建筑职业技术学院,河南省,河南省,郑州市,专科,None
1591漯河食品职业学院,河南省教育厅,河南省,漯河市,专科,民办
1592郑州城市职业学院,河南省教育厅,河南省,郑州市,专科,民办
1593安阳职业技术学院,河南省,河南省,安阳市,专科,None
1594新乡职业技术学院,河南省,河南省,新乡市,专科,None
1595驻马店职业技术学院,河南省,河南省,驻马店市,专科,None
1596焦作工贸职业学院,河南省教育厅,河南省,焦作市,专科,民办
1597许昌陶瓷职业学院,河南省教育厅,河南省,许昌市,专科,民办
1598郑州理工职业学院,河南省教育厅,河南省,郑州市,专科,民办
1599郑州信息工程职业学院,河南省教育厅,河南省,郑州市,专科,民办
1600长垣烹饪职业技术学院,河南省教育厅,河南省,新乡市,专科,民办
1601开封文化艺术职业学院,河南省,河南省,开封市,专科,None
1602河南应用技术职业学院,河南省,河南省,郑州市,专科,None
1603河南艺术职业学院,河南省,河南省,郑州市,专科,None
1604河南机电职业学院,河南省,河南省,郑州市,专科,None
1605河南护理职业学院,河南省,河南省,安阳市,专科,None
1606许昌电气职业学院,河南省,河南省,许昌市,专科,None
1607信阳涉外职业技术学院,河南省教育厅,河南省,信阳市,专科,民办
1608鹤壁汽车工程职业学院,河南省教育厅,河南省,鹤壁市,专科,民办
1609南阳职业学院,河南省教育厅,河南省,南阳市,专科,民办
1610郑州商贸旅游职业学院,河南省教育厅,河南省,郑州市,专科,民办
1611河南推拿职业学院,河南省,河南省,洛阳市,专科,None
1612洛阳职业技术学院,河南省,河南省,洛阳市,专科,None
1613郑州幼儿师范高等专科学校,河南省,河南省,郑州市,专科,None
1614安阳幼儿师范高等专科学校,河南省,河南省,安阳市,专科,None
1615郑州黄河护理职业学院,河南省教育厅,河南省,郑州市,专科,民办
1616河南医学高等专科学校,河南省,河南省,郑州市,专科,None
1617郑州财税金融职业学院,河南省,河南省,郑州市,专科,None
1618南阳农业职业学院,河南省,河南省,南阳市,专科,None
1619洛阳科技职业学院,河南省教育厅,河南省,洛阳市,专科,民办
1620鹤壁能源化工职业学院,河南省教育厅,河南省,鹤壁市,专科,民办
1621平顶山文化艺术职业学院,河南省教育厅,河南省,平顶山市,专科,民办
1622濮阳医学高等专科学校,河南省,河南省,濮阳市,专科,None
1623驻马店幼儿师范高等专科学校,河南省,河南省,驻马店市,专科,None
1624三门峡社会管理职业学院,河南省,河南省,三门峡市,专科,None
1625河南轻工职业学院,河南省,河南省,郑州市,专科,None
1626河南测绘职业学院,河南省,河南省,郑州市,专科,None
1627信阳航空职业学院,河南省教育厅,河南省,信阳市,专科,民办
1628郑州卫生健康职业学院,河南省,河南省,郑州市,专科,None
1629河南物流职业学院,河南省,河南省,新乡市,专科,None
1630河南地矿职业学院,河南省,河南省,郑州市,专科,None
1631郑州亚欧交通职业学院,河南省教育厅,河南省,郑州市,专科,中外合作办学及内地与港澳合作办学
1632河南女子职业学院,河南省,河南省,新乡市,专科,None
1633河南对外经济贸易职业学院,河南省,河南省,开封市,专科,None
1634濮阳石油化工职业技术学院,河南省,河南省,濮阳市,专科,None
1635南阳科技职业学院,河南省,河南省,南阳市,专科,None
1636兰考三农职业学院,河南省,河南省,开封市,专科,None
1637汝州职业技术学院,河南省,河南省,平顶山市,专科,None
1638林州建筑职业技术学院,河南省教育厅,河南省,安阳市,专科,民办
1639郑州电子商务职业学院,河南省教育厅,河南省,郑州市,专科,民办
1640郑州轨道工程职业学院,河南省教育厅,河南省,郑州市,专科,民办
1641郑州体育职业学院,河南省教育厅,河南省,郑州市,专科,民办
1642洛阳文化旅游职业学院,河南省,河南省,洛阳市,专科,None
1643周口文理职业学院,河南省,河南省,周口市,专科,None
1644信阳艺术职业学院,河南省,河南省,信阳市,专科,None
1645郑州城建职业学院,河南省教育厅,河南省,郑州市,专科,民办
1646郑州医药健康职业学院,河南省教育厅,河南省,郑州市,专科,民办
1647平顶山职业技术学院,河南省,河南省,平顶山市,专科,None
1648南阳工艺美术职业学院,河南省,河南省,南阳市,专科,None
1649濮阳科技职业学院,河南省,河南省,濮阳市,专科,None
1650商丘幼儿师范高等专科学校,河南省,河南省,商丘市,专科,None
1651周口理工职业学院,河南省,河南省,周口市,专科,None
1652焦作新材料职业学院,河南省教育厅,河南省,焦作市,专科,民办
1653开封职业学院,河南省教育厅,河南省,开封市,专科,民办
1654洛阳商业职业学院,河南省教育厅,河南省,洛阳市,专科,民办
1655郑州软件职业技术学院,河南省教育厅,河南省,郑州市,专科,民办
1656郑州智能科技职业学院,河南省教育厅,河南省,郑州市,专科,民办
1657郑州食品工程职业学院,河南省教育厅,河南省,郑州市,专科,民办
1658郑州汽车工程职业学院,河南省教育厅,河南省,郑州市,专科,民办
1659武汉大学,教育部,湖北省,武汉市,本科,None
1660华中科技大学,教育部,湖北省,武汉市,本科,None
1661武汉科技大学,湖北省,湖北省,武汉市,本科,None
1662长江大学,湖北省,湖北省,荆州市,本科,None
1663武汉工程大学,湖北省,湖北省,武汉市,本科,None
1664中国地质大学（武汉）,教育部,湖北省,武汉市,本科,None
1665武汉纺织大学,湖北省,湖北省,武汉市,本科,None
1666武汉轻工大学,湖北省,湖北省,武汉市,本科,None
1667武汉理工大学,教育部,湖北省,武汉市,本科,None
1668湖北工业大学,湖北省,湖北省,武汉市,本科,None
1669华中农业大学,教育部,湖北省,武汉市,本科,None
1670湖北中医药大学,湖北省,湖北省,武汉市,本科,None
1671华中师范大学,教育部,湖北省,武汉市,本科,None
1672湖北大学,湖北省,湖北省,武汉市,本科,None
1673湖北师范大学,湖北省,湖北省,黄石市,本科,None
1674黄冈师范学院,湖北省,湖北省,黄冈市,本科,None
1675湖北民族大学,湖北省,湖北省,恩施土家族苗族自治州,本科,None
1676汉江师范学院,湖北省,湖北省,十堰市,本科,None
1677湖北文理学院,湖北省,湖北省,襄阳市,本科,None
1678中南财经政法大学,教育部,湖北省,武汉市,本科,None
1679武汉体育学院,湖北省,湖北省,武汉市,本科,None
1680湖北美术学院,湖北省,湖北省,武汉市,本科,None
1681中南民族大学,国家民委,湖北省,武汉市,本科,None
1682湖北汽车工业学院,湖北省,湖北省,十堰市,本科,None
1683湖北工程学院,湖北省,湖北省,孝感市,本科,None
1684湖北理工学院,湖北省,湖北省,黄石市,本科,None
1685湖北科技学院,湖北省,湖北省,咸宁市,本科,None
1686湖北医药学院,湖北省,湖北省,十堰市,本科,None
1687江汉大学,湖北省,湖北省,武汉市,本科,None
1688三峡大学,湖北省,湖北省,宜昌市,本科,None
1689湖北警官学院,湖北省,湖北省,武汉市,本科,None
1690荆楚理工学院,湖北省,湖北省,荆门市,本科,None
1691武汉音乐学院,湖北省,湖北省,武汉市,本科,None
1692湖北经济学院,湖北省,湖北省,武汉市,本科,None
1693武汉商学院,湖北省,湖北省,武汉市,本科,None
1694武汉东湖学院,湖北省教育厅,湖北省,武汉市,本科,民办
1695汉口学院,湖北省教育厅,湖北省,武汉市,本科,民办
1696武昌首义学院,湖北省教育厅,湖北省,武汉市,本科,民办
1697武昌理工学院,湖北省教育厅,湖北省,武汉市,本科,民办
1698武汉生物工程学院,湖北省教育厅,湖北省,武汉市,本科,民办
1699武汉晴川学院,湖北省教育厅,湖北省,武汉市,本科,民办
1700湖北大学知行学院,湖北省教育厅,湖北省,武汉市,本科,民办
1701武汉城市学院,湖北省教育厅,湖北省,武汉市,本科,民办
1702三峡大学科技学院,湖北省教育厅,湖北省,宜昌市,本科,民办
1703武汉文理学院,湖北省教育厅,湖北省,武汉市,本科,民办
1704湖北工业大学工程技术学院,湖北省教育厅,湖北省,武汉市,本科,民办
1705武汉工程大学邮电与信息工程学院,湖北省教育厅,湖北省,武汉市,本科,民办
1706武汉纺织大学外经贸学院,湖北省教育厅,湖北省,武汉市,本科,民办
1707武昌工学院,湖北省教育厅,湖北省,武汉市,本科,民办
1708武汉工商学院,湖北省教育厅,湖北省,武汉市,本科,民办
1709荆州学院,湖北省教育厅,湖北省,荆州市,本科,民办
1710长江大学文理学院,湖北省教育厅,湖北省,荆州市,本科,民办
1711湖北商贸学院,湖北省教育厅,湖北省,武汉市,本科,民办
1712湖北汽车工业学院科技学院,湖北省教育厅,湖北省,十堰市,本科,民办
1713湖北医药学院药护学院,湖北省教育厅,湖北省,十堰市,本科,民办
1714湖北恩施学院,湖北省教育厅,湖北省,恩施土家族苗族自治州,本科,民办
1715湖北经济学院法商学院,湖北省教育厅,湖北省,武汉市,本科,民办
1716武汉体育学院体育科技学院,湖北省教育厅,湖北省,武汉市,本科,民办
1717湖北师范大学文理学院,湖北省教育厅,湖北省,黄石市,本科,民办
1718湖北文理学院理工学院,湖北省教育厅,湖北省,襄阳市,本科,民办
1719湖北工程学院新技术学院,湖北省教育厅,湖北省,孝感市,本科,民办
1720文华学院,湖北省教育厅,湖北省,武汉市,本科,民办
1721武汉学院,湖北省教育厅,湖北省,武汉市,本科,民办
1722武汉工程科技学院,湖北省教育厅,湖北省,武汉市,本科,民办
1723武汉华夏理工学院,湖北省教育厅,湖北省,武汉市,本科,民办
1724武汉传媒学院,湖北省教育厅,湖北省,武汉市,本科,民办
1725武汉设计工程学院,湖北省教育厅,湖北省,武汉市,本科,民办
1726湖北第二师范学院,湖北省,湖北省,武汉市,本科,None
1727武汉职业技术学院,湖北省,湖北省,武汉市,专科,None
1728黄冈职业技术学院,湖北省,湖北省,黄冈市,专科,None
1729长江职业学院,湖北省,湖北省,武汉市,专科,None
1730荆州理工职业学院,湖北省,湖北省,荆州市,专科,None
1731湖北工业职业技术学院,湖北省,湖北省,十堰市,专科,None
1732鄂州职业大学,湖北省,湖北省,鄂州市,专科,None
1733武汉城市职业学院,湖北省,湖北省,武汉市,专科,None
1734湖北职业技术学院,湖北省,湖北省,孝感市,专科,None
1735武汉船舶职业技术学院,湖北省,湖北省,武汉市,专科,None
1736恩施职业技术学院,湖北省,湖北省,恩施土家族苗族自治州,专科,None
1737襄阳职业技术学院,湖北省,湖北省,襄阳市,专科,None
1738武汉工贸职业学院,湖北省教育厅,湖北省,武汉市,专科,民办
1739荆州职业技术学院,湖北省,湖北省,荆州市,专科,None
1740武汉工程职业技术学院,湖北省,湖北省,武汉市,专科,None
1741仙桃职业学院,湖北省,湖北省,仙桃市,专科,None
1742湖北轻工职业技术学院,湖北省,湖北省,武汉市,专科,None
1743湖北交通职业技术学院,湖北省,湖北省,武汉市,专科,None
1744湖北中医药高等专科学校,湖北省,湖北省,荆州市,专科,None
1745武汉航海职业技术学院,湖北省,湖北省,武汉市,专科,None
1746武汉铁路职业技术学院,湖北省,湖北省,武汉市,专科,None
1747武汉软件工程职业学院,湖北省,湖北省,武汉市,专科,None
1748湖北三峡职业技术学院,湖北省,湖北省,宜昌市,专科,None
1749随州职业技术学院,湖北省,湖北省,随州市,专科,None
1750武汉电力职业技术学院,湖北省,湖北省,武汉市,专科,None
1751湖北水利水电职业技术学院,湖北省,湖北省,武汉市,专科,None
1752湖北城市建设职业技术学院,湖北省,湖北省,武汉市,专科,None
1753武汉警官职业学院,湖北省,湖北省,武汉市,专科,None
1754湖北生物科技职业学院,湖北省,湖北省,武汉市,专科,None
1755湖北开放职业学院,湖北省教育厅,湖北省,武汉市,专科,民办
1756武汉科技职业学院,湖北省教育厅,湖北省,武汉市,专科,民办
1757武汉外语外事职业学院,湖北省教育厅,湖北省,武汉市,专科,民办
1758武汉信息传播职业技术学院,湖北省教育厅,湖北省,武汉市,专科,民办
1759武昌职业学院,湖北省教育厅,湖北省,武汉市,专科,民办
1760武汉商贸职业学院,湖北省教育厅,湖北省,武汉市,专科,民办
1761湖北艺术职业学院,湖北省,湖北省,武汉市,专科,None
1762武汉交通职业学院,湖北省,湖北省,武汉市,专科,None
1763咸宁职业技术学院,湖北省,湖北省,咸宁市,专科,None
1764长江工程职业技术学院,湖北省,湖北省,武汉市,专科,None
1765江汉艺术职业学院,湖北省,湖北省,潜江市,专科,None
1766武汉民政职业学院,湖北省,湖北省,武汉市,专科,None
1767湖北黄冈应急管理职业技术学院,湖北省,湖北省,黄冈市,专科,None
1768湖北财税职业学院,湖北省,湖北省,武汉市,专科,None
1769黄冈科技职业学院,湖北省教育厅,湖北省,黄冈市,专科,民办
1770湖北国土资源职业学院,湖北省,湖北省,武汉市,专科,None
1771湖北生态工程职业技术学院,湖北省,湖北省,武汉市,专科,None
1772三峡电力职业学院,湖北省,湖北省,宜昌市,专科,None
1773湖北科技职业学院,湖北省,湖北省,武汉市,专科,None
1774湖北青年职业学院,湖北省,湖北省,武汉市,专科,None
1775湖北工程职业学院,湖北省,湖北省,黄石市,专科,None
1776三峡旅游职业技术学院,湖北省,湖北省,宜昌市,专科,None
1777天门职业学院,湖北省,湖北省,天门市,专科,None
1778湖北体育职业学院,湖北省,湖北省,武汉市,专科,None
1779襄阳汽车职业技术学院,湖北省,湖北省,襄阳市,专科,None
1780湖北幼儿师范高等专科学校,湖北省,湖北省,武汉市,专科,None
1781湖北铁道运输职业学院,湖北省,湖北省,武汉市,专科,None
1782武汉海事职业学院,湖北省,湖北省,武汉市,专科,None
1783长江艺术工程职业学院,湖北省教育厅,湖北省,荆州市,专科,民办
1784荆门职业学院,湖北省,湖北省,荆门市,专科,None
1785武汉铁路桥梁职业学院,湖北省,湖北省,武汉市,专科,None
1786武汉光谷职业学院,湖北省教育厅,湖北省,武汉市,专科,民办
1787湖北健康职业学院,湖北省教育厅,湖北省,咸宁市,专科,民办
1788湖北孝感美珈职业学院,湖北省教育厅,湖北省,孝感市,专科,民办
1789襄阳科技职业学院,湖北省,湖北省,襄阳市,专科,None
1790宜昌科技职业学院,湖北省,湖北省,宜昌市,专科,None
1791湘潭大学,湖南省,湖南省,湘潭市,本科,None
1792吉首大学,湖南省,湖南省,湘西土家族苗族自治州,本科,None
1793湖南大学,教育部,湖南省,长沙市,本科,None
1794中南大学,教育部,湖南省,长沙市,本科,None
1795湖南科技大学,湖南省,湖南省,湘潭市,本科,None
1796长沙理工大学,湖南省,湖南省,长沙市,本科,None
1797湖南农业大学,湖南省,湖南省,长沙市,本科,None
1798中南林业科技大学,湖南省,湖南省,长沙市,本科,None
1799湖南中医药大学,湖南省,湖南省,长沙市,本科,None
1800湖南师范大学,湖南省,湖南省,长沙市,本科,None
1801湖南理工学院,湖南省,湖南省,岳阳市,本科,None
1802湘南学院,湖南省,湖南省,郴州市,本科,None
1803衡阳师范学院,湖南省,湖南省,衡阳市,本科,None
1804邵阳学院,湖南省,湖南省,邵阳市,本科,None
1805怀化学院,湖南省,湖南省,怀化市,本科,None
1806湖南文理学院,湖南省,湖南省,常德市,本科,None
1807湖南科技学院,湖南省,湖南省,永州市,本科,None
1808湖南人文科技学院,湖南省,湖南省,娄底市,本科,None
1809湖南工商大学,湖南省,湖南省,长沙市,本科,None
1810南华大学,湖南省,湖南省,衡阳市,本科,None
1811长沙医学院,湖南省教育厅,湖南省,长沙市,本科,民办
1812长沙学院,湖南省,湖南省,长沙市,本科,None
1813湖南工程学院,湖南省,湖南省,湘潭市,本科,None
1814湖南城市学院,湖南省,湖南省,益阳市,本科,None
1815湖南工学院,湖南省,湖南省,衡阳市,本科,None
1816湖南财政经济学院,湖南省,湖南省,长沙市,本科,None
1817湖南警察学院,湖南省,湖南省,长沙市,本科,None
1818湖南工业大学,湖南省,湖南省,株洲市,本科,None
1819湖南女子学院,湖南省,湖南省,长沙市,本科,None
1820湖南第一师范学院,湖南省,湖南省,长沙市,本科,None
1821湖南医药学院,湖南省,湖南省,怀化市,本科,None
1822湖南涉外经济学院,湖南省教育厅,湖南省,长沙市,本科,民办
1823湘潭大学兴湘学院,湖南省教育厅,湖南省,湘潭市,本科,民办
1824湖南工业大学科技学院,湖南省教育厅,湖南省,株洲市,本科,民办
1825湖南科技大学潇湘学院,湖南省教育厅,湖南省,湘潭市,本科,民办
1826南华大学船山学院,湖南省教育厅,湖南省,衡阳市,本科,民办
1827湘潭理工学院,湖南省教育厅,湖南省,湘潭市,本科,民办
1828湖南师范大学树达学院,湖南省教育厅,湖南省,长沙市,本科,民办
1829湖南农业大学东方科技学院,湖南省教育厅,湖南省,长沙市,本科,民办
1830中南林业科技大学涉外学院,湖南省教育厅,湖南省,长沙市,本科,民办
1831湖南文理学院芙蓉学院,湖南省教育厅,湖南省,常德市,本科,民办
1832湖南理工学院南湖学院,湖南省教育厅,湖南省,岳阳市,本科,民办
1833衡阳师范学院南岳学院,湖南省教育厅,湖南省,衡阳市,本科,民办
1834湖南工程学院应用技术学院,湖南省教育厅,湖南省,湘潭市,本科,民办
1835湖南中医药大学湘杏学院,湖南省教育厅,湖南省,长沙市,本科,民办
1836吉首大学张家界学院,湖南省教育厅,湖南省,张家界市,本科,民办
1837长沙理工大学城南学院,湖南省教育厅,湖南省,长沙市,本科,民办
1838长沙师范学院,湖南省,湖南省,长沙市,本科,None
1839湖南应用技术学院,湖南省教育厅,湖南省,常德市,本科,民办
1840湖南信息学院,湖南省教育厅,湖南省,长沙市,本科,民办
1841湖南交通工程学院,湖南省教育厅,湖南省,衡阳市,本科,民办
1842湖南软件职业技术大学,湖南省教育厅,湖南省,湘潭市,本科,民办
1843湘中幼儿师范高等专科学校,湖南省,湖南省,邵阳市,专科,None
1844长沙民政职业技术学院,湖南省,湖南省,长沙市,专科,None
1845湖南工业职业技术学院,湖南省,湖南省,长沙市,专科,None
1846株洲师范高等专科学校,湖南省,湖南省,株洲市,专科,None
1847湖南信息职业技术学院,湖南省,湖南省,长沙市,专科,None
1848湖南税务高等专科学校,湖南省,湖南省,长沙市,专科,None
1849湖南冶金职业技术学院,湖南省,湖南省,株洲市,专科,None
1850长沙航空职业技术学院,空军装备部,湖南省,长沙市,专科,None
1851湖南大众传媒职业技术学院,湖南省,湖南省,长沙市,专科,None
1852永州职业技术学院,湖南省,湖南省,永州市,专科,None
1853湖南铁道职业技术学院,湖南省,湖南省,株洲市,专科,None
1854湖南科技职业学院,湖南省,湖南省,长沙市,专科,None
1855湖南生物机电职业技术学院,湖南省,湖南省,长沙市,专科,None
1856湖南交通职业技术学院,湖南省,湖南省,长沙市,专科,None
1857湖南商务职业技术学院,湖南省,湖南省,长沙市,专科,None
1858湖南体育职业学院,湖南省,湖南省,长沙市,专科,None
1859湖南工程职业技术学院,湖南省,湖南省,长沙市,专科,None
1860保险职业学院,湖南省,湖南省,长沙市,专科,None
1861湖南外贸职业学院,湖南省,湖南省,长沙市,专科,None
1862湖南网络工程职业学院,湖南省,湖南省,长沙市,专科,None
1863邵阳职业技术学院,湖南省,湖南省,邵阳市,专科,None
1864湖南司法警官职业学院,湖南省,湖南省,长沙市,专科,None
1865长沙商贸旅游职业技术学院,湖南省,湖南省,长沙市,专科,None
1866湖南环境生物职业技术学院,湖南省,湖南省,衡阳市,专科,None
1867湖南邮电职业技术学院,湖南省,湖南省,长沙市,专科,None
1868湘潭医卫职业技术学院,湖南省,湖南省,湘潭市,专科,None
1869郴州职业技术学院,湖南省,湖南省,郴州市,专科,None
1870娄底职业技术学院,湖南省,湖南省,娄底市,专科,None
1871张家界航空工业职业技术学院,湖南省,湖南省,张家界市,专科,None
1872长沙环境保护职业技术学院,湖南省,湖南省,长沙市,专科,None
1873湖南艺术职业学院,湖南省,湖南省,长沙市,专科,None
1874湖南机电职业技术学院,湖南省,湖南省,长沙市,专科,None
1875长沙职业技术学院,湖南省,湖南省,长沙市,专科,None
1876怀化职业技术学院,湖南省,湖南省,怀化市,专科,None
1877岳阳职业技术学院,湖南省,湖南省,岳阳市,专科,None
1878常德职业技术学院,湖南省,湖南省,常德市,专科,None
1879长沙南方职业学院,湖南省教育厅,湖南省,长沙市,专科,民办
1880潇湘职业学院,湖南省教育厅,湖南省,娄底市,专科,民办
1881湖南化工职业技术学院,湖南省,湖南省,株洲市,专科,None
1882湖南城建职业技术学院,湖南省,湖南省,湘潭市,专科,None
1883湖南石油化工职业技术学院,湖南省,湖南省,岳阳市,专科,None
1884湖南中医药高等专科学校,湖南省,湖南省,株洲市,专科,None
1885湖南民族职业学院,湖南省,湖南省,岳阳市,专科,None
1886湘西民族职业技术学院,湖南省,湖南省,湘西土家族苗族自治州,专科,None
1887湖南财经工业职业技术学院,湖南省,湖南省,衡阳市,专科,None
1888益阳职业技术学院,湖南省,湖南省,益阳市,专科,None
1889湖南工艺美术职业学院,湖南省,湖南省,益阳市,专科,None
1890湖南九嶷职业技术学院,湖南省,湖南省,永州市,专科,None
1891湖南理工职业技术学院,湖南省,湖南省,湘潭市,专科,None
1892湖南汽车工程职业学院,湖南省,湖南省,株洲市,专科,None
1893长沙电力职业技术学院,湖南省,湖南省,长沙市,专科,None
1894湖南水利水电职业技术学院,湖南省,湖南省,长沙市,专科,None
1895湖南现代物流职业技术学院,湖南省,湖南省,长沙市,专科,None
1896湖南高速铁路职业技术学院,湖南省,湖南省,衡阳市,专科,None
1897湖南铁路科技职业技术学院,湖南省,湖南省,株洲市,专科,None
1898湖南安全技术职业学院,湖南省,湖南省,长沙市,专科,None
1899湖南电气职业技术学院,湖南省,湖南省,湘潭市,专科,None
1900湖南外国语职业学院,湖南省教育厅,湖南省,长沙市,专科,民办
1901益阳医学高等专科学校,湖南省,湖南省,益阳市,专科,None
1902湖南都市职业学院,湖南省教育厅,湖南省,长沙市,专科,民办
1903湖南电子科技职业学院,湖南省教育厅,湖南省,长沙市,专科,民办
1904湖南国防工业职业技术学院,湖南省,湖南省,湘潭市,专科,None
1905湖南高尔夫旅游职业学院,湖南省教育厅,湖南省,常德市,专科,民办
1906湖南工商职业学院,湖南省教育厅,湖南省,衡阳市,专科,民办
1907湖南三一工业职业技术学院,湖南省教育厅,湖南省,长沙市,专科,民办
1908长沙卫生职业学院,湖南省,湖南省,长沙市,专科,None
1909湖南食品药品职业学院,湖南省,湖南省,长沙市,专科,None
1910湖南有色金属职业技术学院,湖南省,湖南省,株洲市,专科,None
1911湖南吉利汽车职业技术学院,湖南省教育厅,湖南省,湘潭市,专科,民办
1912湖南幼儿师范高等专科学校,湖南省,湖南省,常德市,专科,None
1913湘南幼儿师范高等专科学校,湖南省,湖南省,郴州市,专科,None
1914湖南劳动人事职业学院,湖南省,湖南省,长沙市,专科,None
1915怀化师范高等专科学校,湖南省,湖南省,怀化市,专科,None
1916永州师范高等专科学校,湖南省,湖南省,永州市,专科,None
1917衡阳幼儿师范高等专科学校,湖南省,湖南省,衡阳市,专科,None
1918长沙幼儿师范高等专科学校,湖南省,湖南省,长沙市,专科,None
1919益阳师范高等专科学校,湖南省,湖南省,益阳市,专科,None
1920娄底幼儿师范高等专科学校,湖南省,湖南省,娄底市,专科,None
1921常德科技职业技术学院,湖南省,湖南省,常德市,专科,None
1922邵阳工业职业技术学院,湖南省,湖南省,邵阳市,专科,None
1923长沙轨道交通职业学院,湖南省教育厅,湖南省,长沙市,专科,民办
1924长沙文创艺术职业学院,湖南省教育厅,湖南省,长沙市,专科,民办
1925岳阳现代服务职业学院,湖南省教育厅,湖南省,岳阳市,专科,民办
1926郴州思科职业学院,湖南省教育厅,湖南省,郴州市,专科,民办
1927衡阳科技职业学院,湖南省教育厅,湖南省,衡阳市,专科,民办
1928中山大学,教育部,广东省,广州市,本科,None
1929暨南大学,中央统战部,广东省,广州市,本科,None
1930汕头大学,广东省,广东省,汕头市,本科,None
1931华南理工大学,教育部,广东省,广州市,本科,None
1932华南农业大学,广东省,广东省,广州市,本科,None
1933广东海洋大学,广东省,广东省,湛江市,本科,None
1934广州医科大学,广东省,广东省,广州市,本科,None
1935广东医科大学,广东省,广东省,湛江市,本科,None
1936广州中医药大学,广东省,广东省,广州市,本科,None
1937广东药科大学,广东省,广东省,广州市,本科,None
1938华南师范大学,广东省,广东省,广州市,本科,None
1939韶关学院,广东省,广东省,韶关市,本科,None
1940惠州学院,广东省,广东省,惠州市,本科,None
1941韩山师范学院,广东省,广东省,潮州市,本科,None
1942岭南师范学院,广东省,广东省,湛江市,本科,None
1943肇庆学院,广东省,广东省,肇庆市,本科,None
1944嘉应学院,广东省,广东省,梅州市,本科,None
1945广州体育学院,广东省,广东省,广州市,本科,None
1946广州美术学院,广东省,广东省,广州市,本科,None
1947星海音乐学院,广东省,广东省,广州市,本科,None
1948广东技术师范大学,广东省,广东省,广州市,本科,None
1949深圳大学,广东省,广东省,深圳市,本科,None
1950广东财经大学,广东省,广东省,广州市,本科,None
1951广东白云学院,广东省教育厅,广东省,广州市,本科,民办
1952广州大学,广东省,广东省,广州市,本科,None
1953广州航海学院,广东省,广东省,广州市,本科,None
1954广东警官学院,广东省,广东省,广州市,本科,None
1955仲恺农业工程学院,广东省,广东省,广州市,本科,None
1956五邑大学,广东省,广东省,江门市,本科,None
1957广东金融学院,广东省,广东省,广州市,本科,None
1958电子科技大学中山学院,广东省教育厅,广东省,中山市,本科,民办
1959广东石油化工学院,广东省,广东省,茂名市,本科,None
1960东莞理工学院,广东省,广东省,东莞市,本科,None
1961广东工业大学,广东省,广东省,广州市,本科,None
1962广东外语外贸大学,广东省,广东省,广州市,本科,None
1963佛山科学技术学院,广东省,广东省,佛山市,本科,None
1964广东培正学院,广东省教育厅,广东省,广州市,本科,民办
1965南方医科大学,广东省,广东省,广州市,本科,None
1966广东东软学院,广东省教育厅,广东省,佛山市,本科,民办
1967广州城市理工学院,广东省教育厅,广东省,广州市,本科,民办
1968广州软件学院,广东省教育厅,广东省,广州市,本科,民办
1969广州南方学院,广东省教育厅,广东省,广州市,本科,民办
1970广东外语外贸大学南国商学院,广东省教育厅,广东省,广州市,本科,民办
1971广州华商学院,广东省教育厅,广东省,广州市,本科,民办
1972湛江科技学院,广东省教育厅,广东省,湛江市,本科,民办
1973华南农业大学珠江学院,广东省教育厅,广东省,广州市,本科,民办
1974广州理工学院,广东省教育厅,广东省,广州市,本科,民办
1975北京师范大学珠海分校,广东省教育厅,广东省,珠海市,本科,民办
1976广州华立学院,广东省教育厅,广东省,广州市,本科,民办
1977广州应用科技学院,广东省教育厅,广东省,广州市,本科,民办
1978广州商学院,广东省教育厅,广东省,广州市,本科,民办
1979北京理工大学珠海学院,广东省教育厅,广东省,珠海市,本科,民办
1980珠海科技学院,广东省教育厅,广东省,珠海市,本科,民办
1981广州工商学院,广东省教育厅,广东省,广州市,本科,民办
1982广州科技职业技术大学,广东省教育厅,广东省,广州市,本科,民办
1983广东科技学院,广东省教育厅,广东省,东莞市,本科,民办
1984广东理工学院,广东省教育厅,广东省,肇庆市,本科,民办
1985广东工商职业技术大学,广东省教育厅,广东省,肇庆市,本科,民办
1986东莞城市学院,广东省教育厅,广东省,东莞市,本科,民办
1987广州新华学院,广东省教育厅,广东省,广州市,本科,民办
1988广东第二师范学院,广东省,广东省,广州市,本科,None
1989南方科技大学,广东省,广东省,深圳市,本科,None
1990深圳技术大学,广东省,广东省,深圳市,本科,None
1991北京师范大学-香港浸会大学联合国际学院,广东省教育厅,广东省,珠海市,本科,中外合作办学及内地与港澳合作办学
1992香港科技大学（广州）,广东省教育厅,广东省,广州市,本科,中外合作办学及内地与港澳合作办学
1993香港中文大学（深圳）,广东省教育厅,广东省,深圳市,本科,中外合作办学及内地与港澳合作办学
1994深圳北理莫斯科大学,广东省教育厅,广东省,深圳市,本科,中外合作办学及内地与港澳合作办学
1995广东以色列理工学院,广东省教育厅,广东省,汕头市,本科,中外合作办学及内地与港澳合作办学
1996深圳职业技术大学,广东省,广东省,深圳市,本科,None
1997顺德职业技术学院,广东省,广东省,佛山市,专科,None
1998广东轻工职业技术学院,广东省,广东省,广州市,专科,None
1999广东交通职业技术学院,广东省,广东省,广州市,专科,None
2000广东水利电力职业技术学院,广东省,广东省,广州市,专科,None
2001潮汕职业技术学院,广东省教育厅,广东省,揭阳市,专科,民办
2002广东南华工商职业学院,广东省,广东省,广州市,专科,None
2003私立华联学院,广东省教育厅,广东省,广州市,专科,民办
2004广州民航职业技术学院,交通运输部（中国民用航空局）,广东省,广州市,专科,None
2005广州番禺职业技术学院,广东省,广东省,广州市,专科,None
2006广东松山职业技术学院,广东省,广东省,韶关市,专科,None
2007广东农工商职业技术学院,广东省,广东省,广州市,专科,None
2008广东新安职业技术学院,广东省教育厅,广东省,深圳市,专科,民办
2009佛山职业技术学院,广东省,广东省,佛山市,专科,None
2010广东科学技术职业学院,广东省,广东省,广州市,专科,None
2011广东食品药品职业学院,广东省,广东省,广州市,专科,None
2012广州康大职业技术学院,广东省教育厅,广东省,广州市,专科,民办
2013珠海艺术职业学院,广东省教育厅,广东省,珠海市,专科,民办
2014广东行政职业学院,广东省,广东省,广州市,专科,None
2015广东体育职业技术学院,广东省,广东省,广州市,专科,None
2016广东职业技术学院,广东省,广东省,佛山市,专科,None
2017广东建设职业技术学院,广东省,广东省,广州市,专科,None
2018广东女子职业技术学院,广东省,广东省,广州市,专科,None
2019广东机电职业技术学院,广东省,广东省,广州市,专科,None
2020广东岭南职业技术学院,广东省教育厅,广东省,广州市,专科,民办
2021汕尾职业技术学院,广东省,广东省,汕尾市,专科,None
2022罗定职业技术学院,广东省,广东省,云浮市,专科,None
2023阳江职业技术学院,广东省,广东省,阳江市,专科,None
2024河源职业技术学院,广东省,广东省,河源市,专科,None
2025广东邮电职业技术学院,广东省,广东省,广州市,专科,None
2026汕头职业技术学院,广东省,广东省,汕头市,专科,None
2027揭阳职业技术学院,广东省,广东省,揭阳市,专科,None
2028深圳信息职业技术学院,广东省,广东省,深圳市,专科,None
2029清远职业技术学院,广东省,广东省,清远市,专科,None
2030广东工贸职业技术学院,广东省,广东省,广州市,专科,None
2031广东司法警官职业学院,广东省,广东省,广州市,专科,None
2032广东亚视演艺职业学院,广东省教育厅,广东省,东莞市,专科,民办
2033广东省外语艺术职业学院,广东省,广东省,广州市,专科,None
2034广东文艺职业学院,广东省,广东省,广州市,专科,None
2035广州体育职业技术学院,广东省,广东省,广州市,专科,None
2036广州工程技术职业学院,广东省,广东省,广州市,专科,None
2037中山火炬职业技术学院,广东省,广东省,中山市,专科,None
2038江门职业技术学院,广东省,广东省,江门市,专科,None
2039茂名职业技术学院,广东省,广东省,茂名市,专科,None
2040珠海城市职业技术学院,广东省,广东省,珠海市,专科,None
2041广州涉外经济职业技术学院,广东省教育厅,广东省,广州市,专科,民办
2042广州南洋理工职业学院,广东省教育厅,广东省,广州市,专科,民办
2043惠州经济职业技术学院,广东省教育厅,广东省,惠州市,专科,民办
2044肇庆医学高等专科学校,广东省,广东省,肇庆市,专科,None
2045广州现代信息工程职业技术学院,广东省教育厅,广东省,广州市,专科,民办
2046广东理工职业学院,广东省,广东省,广州市,专科,None
2047广州华南商贸职业学院,广东省教育厅,广东省,广州市,专科,民办
2048广州华立科技职业学院,广东省教育厅,广东省,广州市,专科,民办
2049广州城市职业学院,广东省,广东省,广州市,专科,None
2050广东工程职业技术学院,广东省,广东省,广州市,专科,None
2051广州铁路职业技术学院,广东省,广东省,广州市,专科,None
2052广东科贸职业学院,广东省,广东省,广州市,专科,None
2053广州科技贸易职业学院,广东省,广东省,广州市,专科,None
2054中山职业技术学院,广东省,广东省,中山市,专科,None
2055广州珠江职业技术学院,广东省教育厅,广东省,广州市,专科,民办
2056广州松田职业学院,广东省教育厅,广东省,广州市,专科,民办
2057广东文理职业学院,广东省教育厅,广东省,湛江市,专科,民办
2058广州城建职业学院,广东省教育厅,广东省,广州市,专科,民办
2059东莞职业技术学院,广东省,广东省,东莞市,专科,None
2060广东南方职业学院,广东省教育厅,广东省,江门市,专科,民办
2061广州华商职业学院,广东省教育厅,广东省,广州市,专科,民办
2062广州华夏职业学院,广东省教育厅,广东省,广州市,专科,民办
2063广东环境保护工程职业学院,广东省,广东省,佛山市,专科,None
2064广东青年职业学院,广东省,广东省,广州市,专科,None
2065广州东华职业学院,广东省教育厅,广东省,广州市,专科,民办
2066广东创新科技职业学院,广东省教育厅,广东省,东莞市,专科,民办
2067广东舞蹈戏剧职业学院,广东省,广东省,广州市,专科,None
2068惠州卫生职业技术学院,广东省,广东省,惠州市,专科,None
2069广东信息工程职业学院,广东省教育厅,广东省,肇庆市,专科,民办
2070广东生态工程职业学院,广东省,广东省,广州市,专科,None
2071惠州城市职业学院,广东省,广东省,惠州市,专科,None
2072广东碧桂园职业学院,广东省教育厅,广东省,清远市,专科,民办
2073广东茂名健康职业学院,广东省,广东省,茂名市,专科,None
2074广东酒店管理职业技术学院,广东省教育厅,广东省,东莞市,专科,民办
2075广东茂名幼儿师范专科学校,广东省,广东省,茂名市,专科,None
2076广州卫生职业技术学院,广东省,广东省,广州市,专科,None
2077惠州工程职业学院,广东省,广东省,惠州市,专科,None
2078广东江门中医药职业学院,广东省,广东省,江门市,专科,None
2079广东茂名农林科技职业学院,广东省,广东省,茂名市,专科,None
2080广东江门幼儿师范高等专科学校,广东省,广东省,江门市,专科,None
2081广东财贸职业学院,广东省,广东省,清远市,专科,None
2082广州幼儿师范高等专科学校,广东省,广东省,广州市,专科,None
2083广东汕头幼儿师范高等专科学校,广东省,广东省,汕头市,专科,None
2084广东梅州职业技术学院,广东省,广东省,梅州市,专科,None
2085广东潮州卫生健康职业学院,广东省,广东省,潮州市,专科,None
2086广东云浮中医药职业学院,广东省,广东省,云浮市,专科,None
2087广东肇庆航空职业学院,广东省教育厅,广东省,肇庆市,专科,民办
2088湛江幼儿师范专科学校,广东省,广东省,湛江市,专科,None
2089珠海格力职业学院,广东省教育厅,广东省,珠海市,专科,民办
2090广西大学,广西壮族自治区,广西壮族自治区,南宁市,本科,None
2091广西科技大学,广西壮族自治区,广西壮族自治区,柳州市,本科,None
2092桂林电子科技大学,广西壮族自治区,广西壮族自治区,桂林市,本科,None
2093桂林理工大学,广西壮族自治区,广西壮族自治区,桂林市,本科,None
2094广西医科大学,广西壮族自治区,广西壮族自治区,南宁市,本科,None
2095右江民族医学院,广西壮族自治区,广西壮族自治区,百色市,本科,None
2096广西中医药大学,广西壮族自治区,广西壮族自治区,南宁市,本科,None
2097桂林医学院,广西壮族自治区,广西壮族自治区,桂林市,本科,None
2098广西师范大学,广西壮族自治区,广西壮族自治区,桂林市,本科,None
2099南宁师范大学,广西壮族自治区,广西壮族自治区,南宁市,本科,None
2100广西民族师范学院,广西壮族自治区,广西壮族自治区,崇左市,本科,None
2101河池学院,广西壮族自治区,广西壮族自治区,河池市,本科,None
2102玉林师范学院,广西壮族自治区,广西壮族自治区,玉林市,本科,None
2103广西艺术学院,广西壮族自治区,广西壮族自治区,南宁市,本科,None
2104广西民族大学,广西壮族自治区,广西壮族自治区,南宁市,本科,None
2105百色学院,广西壮族自治区,广西壮族自治区,百色市,本科,None
2106梧州学院,广西壮族自治区,广西壮族自治区,梧州市,本科,None
2107广西科技师范学院,广西壮族自治区,广西壮族自治区,来宾市,本科,None
2108广西财经学院,广西壮族自治区,广西壮族自治区,南宁市,本科,None
2109南宁学院,广西壮族自治区教育厅,广西壮族自治区,南宁市,本科,民办
2110北部湾大学,广西壮族自治区,广西壮族自治区,钦州市,本科,None
2111桂林航天工业学院,广西壮族自治区,广西壮族自治区,桂林市,本科,None
2112桂林旅游学院,广西壮族自治区,广西壮族自治区,桂林市,本科,None
2113贺州学院,广西壮族自治区,广西壮族自治区,贺州市,本科,None
2114广西警察学院,广西壮族自治区,广西壮族自治区,南宁市,本科,None
2115北海艺术设计学院,广西壮族自治区教育厅,广西壮族自治区,北海市,本科,民办
2116广西农业职业技术大学,广西壮族自治区,广西壮族自治区,南宁市,本科,None
2117柳州工学院,广西壮族自治区教育厅,广西壮族自治区,柳州市,本科,民办
2118广西民族大学相思湖学院,广西壮族自治区教育厅,广西壮族自治区,南宁市,本科,民办
2119桂林学院,广西壮族自治区教育厅,广西壮族自治区,桂林市,本科,民办
2120南宁师范大学师园学院,广西壮族自治区教育厅,广西壮族自治区,南宁市,本科,民办
2121广西中医药大学赛恩斯新医药学院,广西壮族自治区教育厅,广西壮族自治区,南宁市,本科,民办
2122桂林信息科技学院,广西壮族自治区教育厅,广西壮族自治区,桂林市,本科,民办
2123南宁理工学院,广西壮族自治区教育厅,广西壮族自治区,桂林市,本科,民办
2124广西外国语学院,广西壮族自治区教育厅,广西壮族自治区,南宁市,本科,民办
2125北京航空航天大学北海学院,广西壮族自治区教育厅,广西壮族自治区,北海市,本科,民办
2126广西城市职业大学,广西壮族自治区教育厅,广西壮族自治区,崇左市,本科,民办
2127广西职业师范学院,广西壮族自治区,广西壮族自治区,南宁市,本科,None
2128桂林生命与健康职业技术学院,广西壮族自治区教育厅,广西壮族自治区,桂林市,专科,民办
2129广西机电职业技术学院,广西壮族自治区,广西壮族自治区,南宁市,专科,None
2130广西体育高等专科学校,广西壮族自治区,广西壮族自治区,南宁市,专科,None
2131南宁职业技术学院,广西壮族自治区,广西壮族自治区,南宁市,专科,None
2132广西水利电力职业技术学院,广西壮族自治区,广西壮族自治区,南宁市,专科,None
2133桂林师范高等专科学校,广西壮族自治区,广西壮族自治区,桂林市,专科,None
2134广西职业技术学院,广西壮族自治区,广西壮族自治区,南宁市,专科,None
2135柳州职业技术学院,广西壮族自治区,广西壮族自治区,柳州市,专科,None
2136广西生态工程职业技术学院,广西壮族自治区,广西壮族自治区,柳州市,专科,None
2137广西交通职业技术学院,广西壮族自治区,广西壮族自治区,南宁市,专科,None
2138广西工业职业技术学院,广西壮族自治区,广西壮族自治区,南宁市,专科,None
2139广西国际商务职业技术学院,广西壮族自治区,广西壮族自治区,南宁市,专科,None
2140柳州铁道职业技术学院,广西壮族自治区,广西壮族自治区,柳州市,专科,None
2141广西建设职业技术学院,广西壮族自治区,广西壮族自治区,南宁市,专科,None
2142广西现代职业技术学院,广西壮族自治区,广西壮族自治区,河池市,专科,None
2143北海职业学院,广西壮族自治区,广西壮族自治区,北海市,专科,None
2144桂林山水职业学院,广西壮族自治区教育厅,广西壮族自治区,桂林市,专科,民办
2145广西经贸职业技术学院,广西壮族自治区,广西壮族自治区,南宁市,专科,None
2146广西工商职业技术学院,广西壮族自治区,广西壮族自治区,南宁市,专科,None
2147广西演艺职业学院,广西壮族自治区教育厅,广西壮族自治区,南宁市,专科,民办
2148广西电力职业技术学院,广西壮族自治区,广西壮族自治区,南宁市,专科,None
2149广西英华国际职业学院,广西壮族自治区教育厅,广西壮族自治区,钦州市,专科,民办
2150柳州城市职业学院,广西壮族自治区,广西壮族自治区,柳州市,专科,None
2151百色职业学院,广西壮族自治区,广西壮族自治区,百色市,专科,None
2152广西工程职业学院,广西壮族自治区教育厅,广西壮族自治区,百色市,专科,民办
2153广西理工职业技术学院,广西壮族自治区教育厅,广西壮族自治区,崇左市,专科,民办
2154梧州职业学院,广西壮族自治区,广西壮族自治区,梧州市,专科,None
2155广西经济职业学院,广西壮族自治区教育厅,广西壮族自治区,南宁市,专科,民办
2156广西幼儿师范高等专科学校,广西壮族自治区,广西壮族自治区,南宁市,专科,None
2157广西科技职业学院,广西壮族自治区教育厅,广西壮族自治区,崇左市,专科,民办
2158广西卫生职业技术学院,广西壮族自治区,广西壮族自治区,南宁市,专科,None
2159广西培贤国际职业学院,广西壮族自治区教育厅,广西壮族自治区,百色市,专科,民办
2160广西金融职业技术学院,广西壮族自治区,广西壮族自治区,南宁市,专科,None
2161广西中远职业学院,广西壮族自治区教育厅,广西壮族自治区,崇左市,专科,民办
2162玉柴职业技术学院,广西壮族自治区教育厅,广西壮族自治区,玉林市,专科,民办
2163广西蓝天航空职业学院,广西壮族自治区教育厅,广西壮族自治区,来宾市,专科,民办
2164广西安全工程职业技术学院,广西壮族自治区,广西壮族自治区,南宁市,专科,None
2165广西自然资源职业技术学院,广西壮族自治区,广西壮族自治区,崇左市,专科,None
2166钦州幼儿师范高等专科学校,广西壮族自治区,广西壮族自治区,钦州市,专科,None
2167梧州医学高等专科学校,广西壮族自治区教育厅,广西壮族自治区,梧州市,专科,民办
2168广西制造工程职业技术学院,广西壮族自治区,广西壮族自治区,南宁市,专科,None
2169广西物流职业技术学院,广西壮族自治区,广西壮族自治区,贵港市,专科,None
2170防城港职业技术学院,广西壮族自治区,广西壮族自治区,防城港市,专科,None
2171广西信息职业技术学院,广西壮族自治区,广西壮族自治区,南宁市,专科,None
2172广西农业工程职业技术学院,广西壮族自治区,广西壮族自治区,崇左市,专科,None
2173北海康养职业学院,广西壮族自治区教育厅,广西壮族自治区,北海市,专科,民办
2174崇左幼儿师范高等专科学校,广西壮族自治区,广西壮族自治区,崇左市,专科,None
2175广西质量工程职业技术学院,广西壮族自治区,广西壮族自治区,南宁市,专科,None
2176桂林信息工程职业学院,广西壮族自治区教育厅,广西壮族自治区,桂林市,专科,民办
2177海南大学,海南省,海南省,海口市,本科,None
2178海南热带海洋学院,海南省,海南省,三亚市,本科,None
2179海南师范大学,海南省,海南省,海口市,本科,None
2180海南医学院,海南省,海南省,海口市,本科,None
2181海口经济学院,海南省教育厅,海南省,海口市,本科,民办
2182琼台师范学院,海南省,海南省,海口市,本科,None
2183三亚学院,海南省教育厅,海南省,三亚市,本科,民办
2184海南科技职业大学,海南省教育厅,海南省,海口市,本科,民办
2185海南比勒费尔德应用科学大学,海南省教育厅,海南省,陵水黎族自治县,本科,境外高等教育机构在海南自由贸易港设立的实施理工农医类学科专业的学校
2186海南职业技术学院,海南省,海南省,海口市,专科,None
2187三亚城市职业学院,海南省教育厅,海南省,三亚市,专科,民办
2188海南软件职业技术学院,海南省,海南省,琼海市,专科,None
2189海南政法职业学院,海南省,海南省,海口市,专科,None
2190海南外国语职业学院,海南省,海南省,文昌市,专科,None
2191海南经贸职业技术学院,海南省,海南省,海口市,专科,None
2192海南工商职业学院,海南省教育厅,海南省,海口市,专科,民办
2193三亚航空旅游职业学院,海南省教育厅,海南省,三亚市,专科,民办
2194三亚理工职业学院,海南省教育厅,海南省,三亚市,专科,民办
2195海南体育职业技术学院,海南省,海南省,海口市,专科,None
2196三亚中瑞酒店管理职业学院,海南省教育厅,海南省,三亚市,专科,民办
2197海南健康管理职业技术学院,海南省教育厅,海南省,海口市,专科,民办
2198海南卫生健康职业学院,海南省,海南省,海口市,专科,None
2199重庆大学,教育部,重庆市,重庆市,本科,None
2200重庆邮电大学,重庆市,重庆市,重庆市,本科,None
2201重庆交通大学,重庆市,重庆市,重庆市,本科,None
2202重庆医科大学,重庆市,重庆市,重庆市,本科,None
2203西南大学,教育部,重庆市,重庆市,本科,None
2204重庆师范大学,重庆市,重庆市,重庆市,本科,None
2205重庆文理学院,重庆市,重庆市,重庆市,本科,None
2206重庆三峡学院,重庆市,重庆市,重庆市,本科,None
2207长江师范学院,重庆市,重庆市,重庆市,本科,None
2208四川外国语大学,重庆市,重庆市,重庆市,本科,None
2209西南政法大学,重庆市,重庆市,重庆市,本科,None
2210四川美术学院,重庆市,重庆市,重庆市,本科,None
2211重庆科技学院,重庆市,重庆市,重庆市,本科,None
2212重庆理工大学,重庆市,重庆市,重庆市,本科,None
2213重庆工商大学,重庆市,重庆市,重庆市,本科,None
2214重庆机电职业技术大学,重庆市教委,重庆市,重庆市,本科,民办
2215重庆工程学院,重庆市教委,重庆市,重庆市,本科,民办
2216重庆城市科技学院,重庆市教委,重庆市,重庆市,本科,民办
2217重庆警察学院,重庆市,重庆市,重庆市,本科,None
2218重庆人文科技学院,重庆市教委,重庆市,重庆市,本科,民办
2219重庆外语外事学院,重庆市教委,重庆市,重庆市,本科,民办
2220重庆对外经贸学院,重庆市教委,重庆市,重庆市,本科,民办
2221重庆财经学院,重庆市教委,重庆市,重庆市,本科,民办
2222重庆工商大学派斯学院,重庆市教委,重庆市,重庆市,本科,民办
2223重庆移通学院,重庆市教委,重庆市,重庆市,本科,民办
2224重庆第二师范学院,重庆市,重庆市,重庆市,本科,None
2225重庆中医药学院,重庆市,重庆市,重庆市,本科,None
2226重庆航天职业技术学院,重庆市,重庆市,重庆市,专科,None
2227重庆电力高等专科学校,重庆市,重庆市,重庆市,专科,None
2228重庆工业职业技术学院,重庆市,重庆市,重庆市,专科,None
2229重庆三峡职业学院,重庆市,重庆市,重庆市,专科,None
2230重庆工贸职业技术学院,重庆市,重庆市,重庆市,专科,None
2231重庆电子工程职业学院,重庆市,重庆市,重庆市,专科,None
2232重庆海联职业技术学院,重庆市教委,重庆市,重庆市,专科,民办
2233重庆信息技术职业学院,重庆市教委,重庆市,重庆市,专科,民办
2234重庆传媒职业学院,重庆市教委,重庆市,重庆市,专科,民办
2235重庆城市管理职业学院,重庆市,重庆市,重庆市,专科,None
2236重庆工程职业技术学院,重庆市,重庆市,重庆市,专科,None
2237重庆建筑科技职业学院,重庆市教委,重庆市,重庆市,专科,民办
2238重庆城市职业学院,重庆市,重庆市,重庆市,专科,None
2239重庆水利电力职业技术学院,重庆市,重庆市,重庆市,专科,None
2240重庆工商职业学院,重庆市,重庆市,重庆市,专科,None
2241重庆应用技术职业学院,重庆市教委,重庆市,重庆市,专科,民办
2242重庆三峡医药高等专科学校,重庆市,重庆市,重庆市,专科,None
2243重庆医药高等专科学校,重庆市,重庆市,重庆市,专科,None
2244重庆青年职业技术学院,重庆市,重庆市,重庆市,专科,None
2245重庆财经职业学院,重庆市,重庆市,重庆市,专科,None
2246重庆科创职业学院,重庆市教委,重庆市,重庆市,专科,民办
2247重庆建筑工程职业学院,重庆市,重庆市,重庆市,专科,None
2248重庆电讯职业学院,重庆市教委,重庆市,重庆市,专科,民办
2249重庆能源职业学院,重庆市教委,重庆市,重庆市,专科,民办
2250重庆商务职业学院,重庆市,重庆市,重庆市,专科,None
2251重庆交通职业学院,重庆市教委,重庆市,重庆市,专科,民办
2252重庆化工职业学院,重庆市,重庆市,重庆市,专科,None
2253重庆旅游职业学院,重庆市,重庆市,重庆市,专科,None
2254重庆安全技术职业学院,重庆市,重庆市,重庆市,专科,None
2255重庆公共运输职业学院,重庆市教委,重庆市,重庆市,专科,民办
2256重庆艺术工程职业学院,重庆市教委,重庆市,重庆市,专科,民办
2257重庆轻工职业学院,重庆市教委,重庆市,重庆市,专科,民办
2258重庆电信职业学院,重庆市教委,重庆市,重庆市,专科,民办
2259重庆经贸职业学院,重庆市教委,重庆市,重庆市,专科,民办
2260重庆幼儿师范高等专科学校,重庆市,重庆市,重庆市,专科,None
2261重庆文化艺术职业学院,重庆市,重庆市,重庆市,专科,None
2262重庆科技职业学院,重庆市教委,重庆市,重庆市,专科,民办
2263重庆资源与环境保护职业学院,重庆市教委,重庆市,重庆市,专科,民办
2264重庆护理职业学院,重庆市教委,重庆市,重庆市,专科,民办
2265重庆理工职业学院,重庆市教委,重庆市,重庆市,专科,民办
2266重庆智能工程职业学院,重庆市教委,重庆市,重庆市,专科,民办
2267重庆健康职业学院,重庆市教委,重庆市,重庆市,专科,民办
2268重庆工信职业学院,重庆市,重庆市,重庆市,专科,None
2269重庆五一职业技术学院,重庆市,重庆市,重庆市,专科,None
2270四川大学,教育部,四川省,成都市,本科,None
2271西南交通大学,教育部,四川省,成都市,本科,None
2272电子科技大学,教育部,四川省,成都市,本科,None
2273西南石油大学,四川省,四川省,成都市,本科,None
2274成都理工大学,四川省,四川省,成都市,本科,None
2275西南科技大学,四川省,四川省,绵阳市,本科,None
2276成都信息工程大学,四川省,四川省,成都市,本科,None
2277四川轻化工大学,四川省,四川省,自贡市,本科,None
2278西华大学,四川省,四川省,成都市,本科,None
2279中国民用航空飞行学院,交通运输部（中国民用航空局）,四川省,德阳市,本科,None
2280四川农业大学,四川省,四川省,雅安市,本科,None
2281西昌学院,四川省,四川省,凉山彝族自治州,本科,None
2282西南医科大学,四川省,四川省,泸州市,本科,None
2283成都中医药大学,四川省,四川省,成都市,本科,None
2284川北医学院,四川省,四川省,南充市,本科,None
2285四川师范大学,四川省,四川省,成都市,本科,None
2286西华师范大学,四川省,四川省,南充市,本科,None
2287绵阳师范学院,四川省,四川省,绵阳市,本科,None
2288内江师范学院,四川省,四川省,内江市,本科,None
2289宜宾学院,四川省,四川省,宜宾市,本科,None
2290四川文理学院,四川省,四川省,达州市,本科,None
2291阿坝师范学院,四川省,四川省,阿坝藏族羌族自治州,本科,None
2292乐山师范学院,四川省,四川省,乐山市,本科,None
2293西南财经大学,教育部,四川省,成都市,本科,None
2294成都体育学院,四川省,四川省,成都市,本科,None
2295四川音乐学院,四川省,四川省,成都市,本科,None
2296西南民族大学,国家民委,四川省,成都市,本科,None
2297成都大学,四川省,四川省,成都市,本科,None
2298成都工业学院,四川省,四川省,成都市,本科,None
2299攀枝花学院,四川省,四川省,攀枝花市,本科,None
2300四川旅游学院,四川省,四川省,成都市,本科,None
2301四川民族学院,四川省,四川省,甘孜藏族自治州,本科,None
2302四川警察学院,四川省,四川省,泸州市,本科,None
2303成都东软学院,四川省教育厅,四川省,成都市,本科,民办
2304成都艺术职业大学,四川省教育厅,四川省,成都市,本科,民办
2305电子科技大学成都学院,四川省教育厅,四川省,成都市,本科,民办
2306成都理工大学工程技术学院,四川省教育厅,四川省,乐山市,本科,民办
2307四川传媒学院,四川省教育厅,四川省,成都市,本科,民办
2308成都银杏酒店管理学院,四川省教育厅,四川省,成都市,本科,民办
2309成都文理学院,四川省教育厅,四川省,成都市,本科,民办
2310四川工商学院,四川省教育厅,四川省,成都市,本科,民办
2311四川外国语大学成都学院,四川省教育厅,四川省,成都市,本科,民办
2312成都医学院,四川省,四川省,成都市,本科,None
2313四川工业科技学院,四川省教育厅,四川省,德阳市,本科,民办
2314成都锦城学院,四川省教育厅,四川省,成都市,本科,民办
2315西南财经大学天府学院,四川省教育厅,四川省,绵阳市,本科,民办
2316四川大学锦江学院,四川省教育厅,四川省,眉山市,本科,民办
2317四川文化艺术学院,四川省教育厅,四川省,绵阳市,本科,民办
2318绵阳城市学院,四川省教育厅,四川省,绵阳市,本科,民办
2319西南交通大学希望学院,四川省教育厅,四川省,南充市,本科,民办
2320成都师范学院,四川省,四川省,成都市,本科,None
2321四川电影电视学院,四川省教育厅,四川省,成都市,本科,民办
2322吉利学院,四川省教育厅,四川省,成都市,本科,民办
2323成都纺织高等专科学校,四川省,四川省,成都市,专科,None
2324民办四川天一学院,四川省教育厅,四川省,成都市,专科,民办
2325成都航空职业技术学院,四川省,四川省,成都市,专科,None
2326四川电力职业技术学院,四川省,四川省,成都市,专科,None
2327成都职业技术学院,四川省,四川省,成都市,专科,None
2328四川化工职业技术学院,四川省,四川省,泸州市,专科,None
2329四川水利职业技术学院,四川省,四川省,成都市,专科,None
2330南充职业技术学院,四川省,四川省,南充市,专科,None
2331内江职业技术学院,四川省,四川省,内江市,专科,None
2332四川航天职业技术学院,四川省,四川省,成都市,专科,None
2333四川邮电职业技术学院,四川省,四川省,成都市,专科,None
2334四川机电职业技术学院,四川省,四川省,攀枝花市,专科,None
2335绵阳职业技术学院,四川省,四川省,绵阳市,专科,None
2336四川交通职业技术学院,四川省,四川省,成都市,专科,None
2337四川工商职业技术学院,四川省,四川省,成都市,专科,None
2338四川工程职业技术学院,四川省,四川省,德阳市,专科,None
2339四川建筑职业技术学院,四川省,四川省,德阳市,专科,None
2340达州职业技术学院,四川省,四川省,达州市,专科,None
2341四川托普信息技术职业学院,四川省教育厅,四川省,成都市,专科,民办
2342四川国际标榜职业学院,四川省教育厅,四川省,成都市,专科,民办
2343成都农业科技职业学院,四川省,四川省,成都市,专科,None
2344宜宾职业技术学院,四川省,四川省,宜宾市,专科,None
2345泸州职业技术学院,四川省,四川省,泸州市,专科,None
2346眉山职业技术学院,四川省,四川省,眉山市,专科,None
2347四川职业技术学院,四川省,四川省,遂宁市,专科,None
2348乐山职业技术学院,四川省,四川省,乐山市,专科,None
2349雅安职业技术学院,四川省,四川省,雅安市,专科,None
2350四川商务职业学院,四川省,四川省,成都市,专科,None
2351四川司法警官职业学院,四川省,四川省,德阳市,专科,None
2352广安职业技术学院,四川省,四川省,广安市,专科,None
2353四川信息职业技术学院,四川省,四川省,广元市,专科,None
2354四川文化传媒职业学院,四川省教育厅,四川省,成都市,专科,民办
2355四川华新现代职业学院,四川省教育厅,四川省,成都市,专科,民办
2356四川铁道职业学院,四川省,四川省,成都市,专科,None
2357四川艺术职业学院,四川省,四川省,成都市,专科,None
2358四川中医药高等专科学校,四川省,四川省,绵阳市,专科,None
2359四川科技职业学院,四川省教育厅,四川省,成都市,专科,民办
2360四川文化产业职业学院,四川省,四川省,成都市,专科,None
2361四川财经职业学院,四川省,四川省,成都市,专科,None
2362四川城市职业学院,四川省教育厅,四川省,成都市,专科,民办
2363四川现代职业学院,四川省教育厅,四川省,成都市,专科,民办
2364四川幼儿师范高等专科学校,四川省,四川省,绵阳市,专科,None
2365四川长江职业学院,四川省教育厅,四川省,成都市,专科,民办
2366四川三河职业学院,四川省教育厅,四川省,泸州市,专科,民办
2367川北幼儿师范高等专科学校,四川省,四川省,广元市,专科,None
2368四川卫生康复职业学院,四川省,四川省,自贡市,专科,None
2369四川汽车职业技术学院,四川省教育厅,四川省,绵阳市,专科,民办
2370巴中职业技术学院,四川省教育厅,四川省,巴中市,专科,民办
2371四川希望汽车职业学院,四川省教育厅,四川省,资阳市,专科,民办
2372四川电子机械职业技术学院,四川省教育厅,四川省,绵阳市,专科,民办
2373四川文轩职业学院,四川省教育厅,四川省,成都市,专科,民办
2374川南幼儿师范高等专科学校,四川省,四川省,内江市,专科,None
2375四川护理职业学院,四川省,四川省,德阳市,专科,None
2376成都工业职业技术学院,四川省,四川省,成都市,专科,None
2377四川西南航空职业学院,四川省教育厅,四川省,成都市,专科,民办
2378成都工贸职业技术学院,四川省,四川省,成都市,专科,None
2379四川应用技术职业学院,四川省教育厅,四川省,凉山彝族自治州,专科,民办
2380西昌民族幼儿师范高等专科学校,四川省,四川省,凉山彝族自治州,专科,None
2381眉山药科职业学院,四川省教育厅,四川省,眉山市,专科,民办
2382天府新区信息职业学院,四川省教育厅,四川省,眉山市,专科,民办
2383德阳城市轨道交通职业学院,四川省教育厅,四川省,德阳市,专科,民办
2384德阳科贸职业学院,四川省教育厅,四川省,德阳市,专科,民办
2385江阳城建职业学院,四川省教育厅,四川省,泸州市,专科,民办
2386天府新区航空旅游职业学院,四川省教育厅,四川省,眉山市,专科,民办
2387天府新区通用航空职业学院,四川省教育厅,四川省,眉山市,专科,民办
2388阿坝职业学院,四川省,四川省,阿坝藏族羌族自治州,专科,None
2389达州中医药职业学院,四川省,四川省,达州市,专科,None
2390内江卫生与健康职业学院,四川省,四川省,内江市,专科,None
2391南充科技职业学院,四川省教育厅,四川省,南充市,专科,民办
2392攀枝花攀西职业学院,四川省教育厅,四川省,攀枝花市,专科,民办
2393资阳口腔职业学院,四川省教育厅,四川省,资阳市,专科,民办
2394资阳环境科技职业学院,四川省教育厅,四川省,资阳市,专科,民办
2395南充文化旅游职业学院,四川省,四川省,南充市,专科,None
2396南充电影工业职业学院,四川省教育厅,四川省,南充市,专科,民办
2397绵阳飞行职业学院,四川省教育厅,四川省,绵阳市,专科,民办
2398德阳农业科技职业学院,四川省教育厅,四川省,德阳市,专科,民办
2399泸州医疗器械职业学院,四川省教育厅,四川省,泸州市,专科,民办
2400甘孜职业学院,四川省,四川省,甘孜藏族自治州,专科,None
2401自贡职业技术学院,四川省教育厅,四川省,自贡市,专科,民办
2402广元中核职业技术学院,四川省教育厅,四川省,广元市,专科,民办
2403四川体育职业学院,四川省,四川省,成都市,专科,None
2404遂宁能源职业学院,四川省教育厅,四川省,遂宁市,专科,民办
2405遂宁工程职业学院,四川省教育厅,四川省,遂宁市,专科,民办
2406遂宁职业学院,四川省教育厅,四川省,遂宁市,专科,民办
2407贵州大学,贵州省,贵州省,贵阳市,本科,None
2408贵州医科大学,贵州省,贵州省,贵阳市,本科,None
2409遵义医科大学,贵州省,贵州省,遵义市,本科,None
2410贵州中医药大学,贵州省,贵州省,贵阳市,本科,None
2411贵州师范大学,贵州省,贵州省,贵阳市,本科,None
2412遵义师范学院,贵州省,贵州省,遵义市,本科,None
2413铜仁学院,贵州省,贵州省,铜仁市,本科,None
2414兴义民族师范学院,贵州省,贵州省,黔西南布依族苗族自治州,本科,None
2415安顺学院,贵州省,贵州省,安顺市,本科,None
2416贵州工程应用技术学院,贵州省,贵州省,毕节市,本科,None
2417凯里学院,贵州省,贵州省,黔东南苗族侗族自治州,本科,None
2418黔南民族师范学院,贵州省,贵州省,黔南布依族苗族自治州,本科,None
2419贵州财经大学,贵州省,贵州省,贵阳市,本科,None
2420贵州民族大学,贵州省,贵州省,贵阳市,本科,None
2421贵阳学院,贵州省,贵州省,贵阳市,本科,None
2422六盘水师范学院,贵州省,贵州省,六盘水市,本科,None
2423贵州商学院,贵州省,贵州省,贵阳市,本科,None
2424贵州警察学院,贵州省,贵州省,贵阳市,本科,None
2425贵州中医药大学时珍学院,贵州省教育厅,贵州省,贵阳市,本科,民办
2426贵州黔南经济学院,贵州省教育厅,贵州省,黔南布依族苗族自治州,本科,民办
2427贵州黔南科技学院,贵州省教育厅,贵州省,黔南布依族苗族自治州,本科,民办
2428贵阳信息科技学院,贵州省教育厅,贵州省,贵阳市,本科,民办
2429贵阳人文科技学院,贵州省教育厅,贵州省,贵阳市,本科,民办
2430贵阳康养职业大学,贵州省,贵州省,贵阳市,本科,None
2431遵义医科大学医学与科技学院,贵州省教育厅,贵州省,遵义市,本科,民办
2432贵州医科大学神奇民族医药学院,贵州省教育厅,贵州省,贵阳市,本科,民办
2433贵州师范学院,贵州省,贵州省,贵阳市,本科,None
2434贵州理工学院,贵州省,贵州省,贵阳市,本科,None
2435茅台学院,贵州省教育厅,贵州省,遵义市,本科,民办
2436黔南民族医学高等专科学校,贵州省,贵州省,黔南布依族苗族自治州,专科,None
2437贵州交通职业技术学院,贵州省,贵州省,贵阳市,专科,None
2438贵州航天职业技术学院,贵州省,贵州省,遵义市,专科,None
2439贵州电子信息职业技术学院,贵州省,贵州省,黔东南苗族侗族自治州,专科,None
2440安顺职业技术学院,贵州省,贵州省,安顺市,专科,None
2441黔东南民族职业技术学院,贵州省,贵州省,黔东南苗族侗族自治州,专科,None
2442黔南民族职业技术学院,贵州省,贵州省,黔南布依族苗族自治州,专科,None
2443遵义职业技术学院,贵州省,贵州省,遵义市,专科,None
2444贵州城市职业学院,贵州省教育厅,贵州省,贵阳市,专科,民办
2445贵州工业职业技术学院,贵州省,贵州省,贵阳市,专科,None
2446贵州电力职业技术学院,贵州省,贵州省,贵阳市,专科,None
2447六盘水职业技术学院,贵州省,贵州省,六盘水市,专科,None
2448铜仁职业技术学院,贵州省,贵州省,铜仁市,专科,None
2449黔西南民族职业技术学院,贵州省,贵州省,黔西南布依族苗族自治州,专科,None
2450贵州轻工职业技术学院,贵州省,贵州省,贵阳市,专科,None
2451遵义医药高等专科学校,贵州省,贵州省,遵义市,专科,None
2452贵阳职业技术学院,贵州省,贵州省,贵阳市,专科,None
2453毕节职业技术学院,贵州省,贵州省,毕节市,专科,None
2454贵州职业技术学院,贵州省,贵州省,贵阳市,专科,None
2455贵州盛华职业学院,贵州省教育厅,贵州省,黔南布依族苗族自治州,专科,民办
2456贵州工商职业学院,贵州省教育厅,贵州省,贵阳市,专科,民办
2457贵阳幼儿师范高等专科学校,贵州省,贵州省,贵阳市,专科,None
2458铜仁幼儿师范高等专科学校,贵州省,贵州省,铜仁市,专科,None
2459黔南民族幼儿师范高等专科学校,贵州省,贵州省,黔南布依族苗族自治州,专科,None
2460毕节医学高等专科学校,贵州省,贵州省,毕节市,专科,None
2461贵州建设职业技术学院,贵州省,贵州省,贵阳市,专科,None
2462毕节幼儿师范高等专科学校,贵州省,贵州省,毕节市,专科,None
2463贵州农业职业学院,贵州省,贵州省,贵阳市,专科,None
2464贵州工程职业学院,贵州省教育厅,贵州省,铜仁市,专科,民办
2465贵州工贸职业学院,贵州省教育厅,贵州省,毕节市,专科,民办
2466贵州水利水电职业技术学院,贵州省,贵州省,贵阳市,专科,None
2467贵州电子商务职业技术学院,贵州省,贵州省,贵阳市,专科,None
2468贵州应用技术职业学院,贵州省教育厅,贵州省,黔南布依族苗族自治州,专科,民办
2469贵州电子科技职业学院,贵州省,贵州省,贵阳市,专科,None
2470贵州装备制造职业学院,贵州省,贵州省,贵阳市,专科,None
2471贵州健康职业学院,贵州省,贵州省,铜仁市,专科,None
2472贵州食品工程职业学院,贵州省,贵州省,贵阳市,专科,None
2473贵州经贸职业技术学院,贵州省,贵州省,黔南布依族苗族自治州,专科,None
2474贵州护理职业技术学院,贵州省,贵州省,黔南布依族苗族自治州,专科,None
2475六盘水幼儿师范高等专科学校,贵州省,贵州省,六盘水市,专科,None
2476毕节工业职业技术学院,贵州省,贵州省,毕节市,专科,None
2477贵州机电职业技术学院,贵州省,贵州省,黔南布依族苗族自治州,专科,None
2478贵州财经职业学院,贵州省,贵州省,贵阳市,专科,None
2479贵州民用航空职业学院,贵州省教育厅,贵州省,安顺市,专科,民办
2480贵州文化旅游职业学院,贵州省,贵州省,贵阳市,专科,None
2481贵州航空职业技术学院,贵州省,贵州省,贵阳市,专科,None
2482贵州体育职业学院,贵州省,贵州省,贵阳市,专科,None
2483贵州铜仁数据职业学院,贵州省教育厅,贵州省,铜仁市,专科,民办
2484云南大学,云南省,云南省,昆明市,本科,None
2485昆明理工大学,云南省,云南省,昆明市,本科,None
2486云南农业大学,云南省,云南省,昆明市,本科,None
2487西南林业大学,云南省,云南省,昆明市,本科,None
2488昆明医科大学,云南省,云南省,昆明市,本科,None
2489大理大学,云南省,云南省,大理白族自治州,本科,None
2490云南中医药大学,云南省,云南省,昆明市,本科,None
2491云南师范大学,云南省,云南省,昆明市,本科,None
2492昭通学院,云南省,云南省,昭通市,本科,None
2493曲靖师范学院,云南省,云南省,曲靖市,本科,None
2494普洱学院,云南省,云南省,普洱市,本科,None
2495保山学院,云南省,云南省,保山市,本科,None
2496红河学院,云南省,云南省,红河哈尼族彝族自治州,本科,None
2497云南财经大学,云南省,云南省,昆明市,本科,None
2498云南艺术学院,云南省,云南省,昆明市,本科,None
2499云南民族大学,云南省,云南省,昆明市,本科,None
2500玉溪师范学院,云南省,云南省,玉溪市,本科,None
2501楚雄师范学院,云南省,云南省,楚雄彝族自治州,本科,None
2502云南警官学院,云南省,云南省,昆明市,本科,None
2503昆明学院,云南省,云南省,昆明市,本科,None
2504文山学院,云南省,云南省,文山壮族苗族自治州,本科,None
2505云南经济管理学院,云南省教育厅,云南省,昆明市,本科,民办
2506云南大学滇池学院,云南省教育厅,云南省,昆明市,本科,民办
2507丽江文化旅游学院,云南省教育厅,云南省,丽江市,本科,民办
2508昆明理工大学津桥学院,云南省教育厅,云南省,昆明市,本科,民办
2509昆明城市学院,云南省教育厅,云南省,昆明市,本科,民办
2510昆明文理学院,云南省教育厅,云南省,昆明市,本科,民办
2511昆明医科大学海源学院,云南省教育厅,云南省,昆明市,本科,民办
2512云南艺术学院文华学院,云南省教育厅,云南省,昆明市,本科,民办
2513云南工商学院,云南省教育厅,云南省,昆明市,本科,民办
2514滇西科技师范学院,云南省,云南省,临沧市,本科,None
2515滇西应用技术大学,云南省,云南省,大理白族自治州,本科,None
2516昆明冶金高等专科学校,云南省,云南省,昆明市,专科,None
2517云南国土资源职业学院,云南省,云南省,昆明市,专科,None
2518云南交通职业技术学院,云南省,云南省,昆明市,专科,None
2519昆明工业职业技术学院,云南省,云南省,昆明市,专科,None
2520云南农业职业技术学院,云南省,云南省,昆明市,专科,None
2521云南司法警官职业学院,云南省,云南省,昆明市,专科,None
2522云南文化艺术职业学院,云南省,云南省,昆明市,专科,None
2523云南体育运动职业技术学院,云南省,云南省,昆明市,专科,None
2524云南科技信息职业学院,云南省教育厅,云南省,昆明市,专科,民办
2525西双版纳职业技术学院,云南省,云南省,西双版纳傣族自治州,专科,None
2526昆明艺术职业学院,云南省教育厅,云南省,昆明市,专科,民办
2527玉溪农业职业技术学院,云南省,云南省,玉溪市,专科,None
2528云南能源职业技术学院,云南省,云南省,曲靖市,专科,None
2529云南国防工业职业技术学院,云南省,云南省,昆明市,专科,None
2530云南机电职业技术学院,云南省,云南省,昆明市,专科,None
2531云南林业职业技术学院,云南省,云南省,昆明市,专科,None
2532云南城市建设职业学院,云南省教育厅,云南省,昆明市,专科,民办
2533云南工程职业学院,云南省教育厅,云南省,昆明市,专科,民办
2534曲靖医学高等专科学校,云南省,云南省,曲靖市,专科,None
2535楚雄医药高等专科学校,云南省,云南省,楚雄彝族自治州,专科,None
2536保山中医药高等专科学校,云南省,云南省,保山市,专科,None
2537丽江师范高等专科学校,云南省,云南省,丽江市,专科,None
2538德宏师范高等专科学校,云南省,云南省,德宏傣族景颇族自治州,专科,None
2539云南新兴职业学院,云南省教育厅,云南省,昆明市,专科,民办
2540云南锡业职业技术学院,云南省,云南省,红河哈尼族彝族自治州,专科,None
2541云南经贸外事职业学院,云南省教育厅,云南省,昆明市,专科,民办
2542云南三鑫职业技术学院,云南省教育厅,云南省,文山壮族苗族自治州,专科,民办
2543德宏职业学院,云南省,云南省,德宏傣族景颇族自治州,专科,None
2544云南商务职业学院,云南省教育厅,云南省,昆明市,专科,民办
2545昆明卫生职业学院,云南省教育厅,云南省,昆明市,专科,民办
2546云南现代职业技术学院,云南省,云南省,楚雄彝族自治州,专科,None
2547云南旅游职业学院,云南省,云南省,昆明市,专科,None
2548红河卫生职业学院,云南省,云南省,红河哈尼族彝族自治州,专科,None
2549云南外事外语职业学院,云南省教育厅,云南省,昆明市,专科,民办
2550大理农林职业技术学院,云南省,云南省,大理白族自治州,专科,None
2551公安消防部队高等专科学校,应急管理部,云南省,昆明市,专科,None
2552云南财经职业学院,云南省,云南省,昆明市,专科,None
2553昆明铁道职业技术学院,云南省,云南省,昆明市,专科,None
2554昭通卫生职业学院,云南省,云南省,昭通市,专科,None
2555大理护理职业学院,云南省,云南省,大理白族自治州,专科,None
2556云南水利水电职业学院,云南省,云南省,昆明市,专科,None
2557云南轻纺职业学院,云南省,云南省,昆明市,专科,None
2558云南特殊教育职业学院,云南省,云南省,昆明市,专科,None
2559云南工贸职业技术学院,云南省,云南省,昆明市,专科,None
2560云南交通运输职业学院,云南省,云南省,昆明市,专科,None
2561昆明幼儿师范高等专科学校,云南省,云南省,昆明市,专科,None
2562云南医药健康职业学院,云南省教育厅,云南省,昆明市,专科,民办
2563云南理工职业学院,云南省教育厅,云南省,昆明市,专科,民办
2564曲靖职业技术学院,云南省,云南省,曲靖市,专科,None
2565红河职业技术学院,云南省,云南省,红河哈尼族彝族自治州,专科,None
2566玉溪职业技术学院,云南省,云南省,玉溪市,专科,None
2567保山职业学院,云南省,云南省,保山市,专科,None
2568昭通职业学院,云南省,云南省,昭通市,专科,None
2569文山职业技术学院,云南省,云南省,文山壮族苗族自治州,专科,None
2570丽江职业技术学院,云南省,云南省,丽江市,专科,None
2571香格里拉职业学院,云南省,云南省,迪庆藏族自治州,专科,None
2572西藏农牧学院,西藏自治区,西藏自治区,林芝市,本科,None
2573西藏大学,西藏自治区,西藏自治区,拉萨市,本科,None
2574西藏民族大学,西藏自治区,陕西省,咸阳市,本科,None
2575西藏藏医药大学,西藏自治区,西藏自治区,拉萨市,本科,None
2576西藏警官高等专科学校,西藏自治区,西藏自治区,拉萨市,专科,None
2577拉萨师范高等专科学校,西藏自治区,西藏自治区,拉萨市,专科,None
2578西藏职业技术学院,西藏自治区,西藏自治区,拉萨市,专科,None
2579西北大学,陕西省,陕西省,西安市,本科,None
2580西安交通大学,教育部,陕西省,西安市,本科,None
2581西北工业大学,工业和信息化部,陕西省,西安市,本科,None
2582西安理工大学,陕西省,陕西省,西安市,本科,None
2583西安电子科技大学,教育部,陕西省,西安市,本科,None
2584西安工业大学,陕西省,陕西省,西安市,本科,None
2585西安建筑科技大学,陕西省,陕西省,西安市,本科,None
2586西安科技大学,陕西省,陕西省,西安市,本科,None
2587西安石油大学,陕西省,陕西省,西安市,本科,None
2588陕西科技大学,陕西省,陕西省,西安市,本科,None
2589西安工程大学,陕西省,陕西省,西安市,本科,None
2590长安大学,教育部,陕西省,西安市,本科,None
2591西北农林科技大学,教育部,陕西省,咸阳市,本科,None
2592陕西中医药大学,陕西省,陕西省,咸阳市,本科,None
2593陕西师范大学,教育部,陕西省,西安市,本科,None
2594延安大学,陕西省,陕西省,延安市,本科,None
2595陕西理工大学,陕西省,陕西省,汉中市,本科,None
2596宝鸡文理学院,陕西省,陕西省,宝鸡市,本科,None
2597咸阳师范学院,陕西省,陕西省,咸阳市,本科,None
2598渭南师范学院,陕西省,陕西省,渭南市,本科,None
2599西安外国语大学,陕西省,陕西省,西安市,本科,None
2600西北政法大学,陕西省,陕西省,西安市,本科,None
2601西安体育学院,陕西省,陕西省,西安市,本科,None
2602西安音乐学院,陕西省,陕西省,西安市,本科,None
2603西安美术学院,陕西省,陕西省,西安市,本科,None
2604西安文理学院,陕西省,陕西省,西安市,本科,None
2605榆林学院,陕西省,陕西省,榆林市,本科,None
2606商洛学院,陕西省,陕西省,商洛市,本科,None
2607安康学院,陕西省,陕西省,安康市,本科,None
2608西安培华学院,陕西省教育厅,陕西省,西安市,本科,民办
2609西安财经大学,陕西省,陕西省,西安市,本科,None
2610西安邮电大学,陕西省,陕西省,西安市,本科,None
2611西安航空学院,陕西省,陕西省,西安市,本科,None
2612西安医学院,陕西省,陕西省,西安市,本科,None
2613西安欧亚学院,陕西省教育厅,陕西省,西安市,本科,民办
2614西安外事学院,陕西省教育厅,陕西省,西安市,本科,民办
2615西安翻译学院,陕西省教育厅,陕西省,西安市,本科,民办
2616西京学院,陕西省教育厅,陕西省,西安市,本科,民办
2617西安思源学院,陕西省教育厅,陕西省,西安市,本科,民办
2618陕西国际商贸学院,陕西省教育厅,陕西省,咸阳市,本科,民办
2619陕西服装工程学院,陕西省教育厅,陕西省,咸阳市,本科,民办
2620西安交通工程学院,陕西省教育厅,陕西省,西安市,本科,民办
2621西安交通大学城市学院,陕西省教育厅,陕西省,西安市,本科,民办
2622西北大学现代学院,陕西省教育厅,陕西省,西安市,本科,民办
2623西安建筑科技大学华清学院,陕西省教育厅,陕西省,西安市,本科,民办
2624西安财经大学行知学院,陕西省教育厅,陕西省,西安市,本科,民办
2625陕西科技大学镐京学院,陕西省教育厅,陕西省,咸阳市,本科,民办
2626西安工商学院,陕西省教育厅,陕西省,西安市,本科,民办
2627延安大学西安创新学院,陕西省教育厅,陕西省,西安市,本科,民办
2628西安电子科技大学长安学院,陕西省教育厅,陕西省,西安市,本科,民办
2629西安汽车职业大学,陕西省教育厅,陕西省,西安市,本科,民办
2630西安明德理工学院,陕西省教育厅,陕西省,西安市,本科,民办
2631西安信息职业大学,陕西省教育厅,陕西省,西安市,本科,民办
2632长安大学兴华学院,陕西省教育厅,陕西省,西安市,本科,民办
2633西安理工大学高科学院,陕西省教育厅,陕西省,西安市,本科,民办
2634西安科技大学高新学院,陕西省教育厅,陕西省,西安市,本科,民办
2635陕西学前师范学院,陕西省,陕西省,西安市,本科,None
2636陕西工业职业技术学院,陕西省,陕西省,咸阳市,专科,None
2637杨凌职业技术学院,陕西省,陕西省,咸阳市,专科,None
2638西安电力高等专科学校,陕西省,陕西省,西安市,专科,None
2639陕西能源职业技术学院,陕西省,陕西省,咸阳市,专科,None
2640陕西国防工业职业技术学院,陕西省,陕西省,西安市,专科,None
2641西安航空职业技术学院,陕西省,陕西省,西安市,专科,None
2642陕西财经职业技术学院,陕西省,陕西省,咸阳市,专科,None
2643陕西交通职业技术学院,陕西省,陕西省,西安市,专科,None
2644陕西职业技术学院,陕西省,陕西省,西安市,专科,None
2645西安高新科技职业学院,陕西省教育厅,陕西省,西安市,专科,民办
2646西安城市建设职业学院,陕西省教育厅,陕西省,西安市,专科,民办
2647陕西铁路工程职业技术学院,陕西省,陕西省,渭南市,专科,None
2648宝鸡职业技术学院,陕西省,陕西省,宝鸡市,专科,None
2649陕西航空职业技术学院,陕西省,陕西省,汉中市,专科,None
2650陕西电子信息职业技术学院,陕西省教育厅,陕西省,西安市,专科,民办
2651陕西邮电职业技术学院,陕西省,陕西省,咸阳市,专科,None
2652西安海棠职业学院,陕西省教育厅,陕西省,西安市,专科,民办
2653西安健康工程职业学院,陕西省教育厅,陕西省,西安市,专科,民办
2654陕西警官职业学院,陕西省,陕西省,西安市,专科,None
2655陕西经济管理职业技术学院,陕西省,陕西省,西安市,专科,None
2656西安铁路职业技术学院,陕西省,陕西省,西安市,专科,None
2657咸阳职业技术学院,陕西省,陕西省,咸阳市,专科,None
2658西安职业技术学院,陕西省,陕西省,西安市,专科,None
2659商洛职业技术学院,陕西省,陕西省,商洛市,专科,None
2660汉中职业技术学院,陕西省,陕西省,汉中市,专科,None
2661延安职业技术学院,陕西省,陕西省,延安市,专科,None
2662渭南职业技术学院,陕西省,陕西省,渭南市,专科,None
2663安康职业技术学院,陕西省,陕西省,安康市,专科,None
2664铜川职业技术学院,陕西省,陕西省,铜川市,专科,None
2665陕西青年职业学院,陕西省,陕西省,西安市,专科,None
2666陕西工商职业学院,陕西省,陕西省,西安市,专科,None
2667陕西旅游烹饪职业学院,陕西省教育厅,陕西省,西安市,专科,民办
2668西安医学高等专科学校,陕西省教育厅,陕西省,西安市,专科,民办
2669榆林职业技术学院,陕西省,陕西省,榆林市,专科,None
2670陕西艺术职业学院,陕西省,陕西省,西安市,专科,None
2671神木职业技术学院,陕西省,陕西省,神木市,专科,None
2672宝鸡三和职业学院,陕西省教育厅,陕西省,宝鸡市,专科,民办
2673榆林能源科技职业学院,陕西省教育厅,陕西省,榆林市,专科,民办
2674宝鸡中北职业学院,陕西省教育厅,陕西省,宝鸡市,专科,民办
2675陕西机电职业技术学院,陕西省,陕西省,宝鸡市,专科,None
2676兰州大学,教育部,甘肃省,兰州市,本科,None
2677兰州理工大学,甘肃省,甘肃省,兰州市,本科,None
2678兰州交通大学,甘肃省,甘肃省,兰州市,本科,None
2679甘肃农业大学,甘肃省,甘肃省,兰州市,本科,None
2680甘肃中医药大学,甘肃省,甘肃省,兰州市,本科,None
2681西北师范大学,甘肃省,甘肃省,兰州市,本科,None
2682兰州城市学院,甘肃省,甘肃省,兰州市,本科,None
2683陇东学院,甘肃省,甘肃省,庆阳市,本科,None
2684天水师范学院,甘肃省,甘肃省,天水市,本科,None
2685河西学院,甘肃省,甘肃省,张掖市,本科,None
2686兰州财经大学,甘肃省,甘肃省,兰州市,本科,None
2687西北民族大学,国家民委,甘肃省,兰州市,本科,None
2688甘肃政法大学,甘肃省,甘肃省,兰州市,本科,None
2689甘肃民族师范学院,甘肃省,甘肃省,甘南藏族自治州,本科,None
2690兰州文理学院,甘肃省,甘肃省,兰州市,本科,None
2691甘肃医学院,甘肃省,甘肃省,平凉市,本科,None
2692兰州工业学院,甘肃省,甘肃省,兰州市,本科,None
2693兰州石化职业技术大学,甘肃省,甘肃省,兰州市,本科,None
2694兰州工商学院,甘肃省教育厅,甘肃省,兰州市,本科,民办
2695兰州资源环境职业技术大学,甘肃省,甘肃省,兰州市,本科,None
2696兰州博文科技学院,甘肃省教育厅,甘肃省,兰州市,本科,民办
2697兰州信息科技学院,甘肃省教育厅,甘肃省,兰州市,本科,民办
2698陇南师范高等专科学校,甘肃省,甘肃省,陇南市,专科,None
2699定西师范高等专科学校,甘肃省,甘肃省,定西市,专科,None
2700甘肃建筑职业技术学院,甘肃省,甘肃省,兰州市,专科,None
2701酒泉职业技术学院,甘肃省,甘肃省,酒泉市,专科,None
2702兰州外语职业学院,甘肃省教育厅,甘肃省,兰州市,专科,民办
2703兰州职业技术学院,甘肃省,甘肃省,兰州市,专科,None
2704甘肃警察职业学院,甘肃省,甘肃省,兰州市,专科,None
2705甘肃林业职业技术学院,甘肃省,甘肃省,天水市,专科,None
2706甘肃工业职业技术学院,甘肃省,甘肃省,天水市,专科,None
2707武威职业学院,甘肃省,甘肃省,武威市,专科,None
2708甘肃交通职业技术学院,甘肃省,甘肃省,兰州市,专科,None
2709甘肃农业职业技术学院,甘肃省,甘肃省,兰州市,专科,None
2710甘肃畜牧工程职业技术学院,甘肃省,甘肃省,武威市,专科,None
2711甘肃钢铁职业技术学院,甘肃省,甘肃省,嘉峪关市,专科,None
2712甘肃机电职业技术学院,甘肃省,甘肃省,天水市,专科,None
2713甘肃有色冶金职业技术学院,甘肃省,甘肃省,金昌市,专科,None
2714白银矿冶职业技术学院,甘肃省,甘肃省,白银市,专科,None
2715甘肃卫生职业学院,甘肃省,甘肃省,兰州市,专科,None
2716兰州科技职业学院,甘肃省教育厅,甘肃省,兰州市,专科,民办
2717庆阳职业技术学院,甘肃省,甘肃省,庆阳市,专科,None
2718临夏现代职业学院,甘肃省,甘肃省,临夏州,专科,None
2719兰州现代职业学院,甘肃省,甘肃省,兰州市,专科,None
2720平凉职业技术学院,甘肃省,甘肃省,平凉市,专科,None
2721培黎职业学院,甘肃省,甘肃省,张掖市,专科,None
2722兰州航空职业技术学院,甘肃省,甘肃省,兰州市,专科,None
2723白银希望职业技术学院,甘肃省教育厅,甘肃省,白银市,专科,民办
2724甘肃财贸职业学院,甘肃省,甘肃省,兰州市,专科,None
2725定西职业技术学院,甘肃省,甘肃省,定西市,专科,None
2726青海大学,青海省,青海省,西宁市,本科,None
2727青海师范大学,青海省,青海省,西宁市,本科,None
2728青海民族大学,青海省,青海省,西宁市,本科,None
2729青海大学昆仑学院,青海省教育厅,青海省,西宁市,本科,民办
2730青海卫生职业技术学院,青海省,青海省,西宁市,专科,None
2731青海警官职业学院,青海省,青海省,西宁市,专科,None
2732青海农牧科技职业学院,青海省,青海省,西宁市,专科,None
2733青海交通职业技术学院,青海省,青海省,西宁市,专科,None
2734青海建筑职业技术学院,青海省,青海省,西宁市,专科,None
2735西宁城市职业技术学院,青海省,青海省,西宁市,专科,None
2736青海高等职业技术学院,青海省,青海省,海东市,专科,None
2737青海柴达木职业技术学院,青海省,青海省,海西蒙古族藏族自治州,专科,None
2738宁夏大学,宁夏回族自治区,宁夏回族自治区,银川市,本科,None
2739宁夏医科大学,宁夏回族自治区,宁夏回族自治区,银川市,本科,None
2740宁夏师范学院,宁夏回族自治区,宁夏回族自治区,固原市,本科,None
2741北方民族大学,国家民委,宁夏回族自治区,银川市,本科,None
2742宁夏理工学院,宁夏回族自治区教育厅,宁夏回族自治区,石嘴山市,本科,民办
2743宁夏大学新华学院,宁夏回族自治区教育厅,宁夏回族自治区,银川市,本科,民办
2744银川能源学院,宁夏回族自治区教育厅,宁夏回族自治区,银川市,本科,民办
2745银川科技学院,宁夏回族自治区教育厅,宁夏回族自治区,银川市,本科,民办
2746宁夏民族职业技术学院,宁夏回族自治区,宁夏回族自治区,吴忠市,专科,None
2747宁夏工业职业学院,宁夏回族自治区,宁夏回族自治区,银川市,专科,None
2748宁夏职业技术学院,宁夏回族自治区,宁夏回族自治区,银川市,专科,None
2749宁夏工商职业技术学院,宁夏回族自治区,宁夏回族自治区,银川市,专科,None
2750宁夏财经职业技术学院,宁夏回族自治区,宁夏回族自治区,银川市,专科,None
2751宁夏警官职业学院,宁夏回族自治区,宁夏回族自治区,银川市,专科,None
2752宁夏建设职业技术学院,宁夏回族自治区,宁夏回族自治区,银川市,专科,None
2753宁夏葡萄酒与防沙治沙职业技术学院,宁夏回族自治区,宁夏回族自治区,银川市,专科,None
2754宁夏幼儿师范高等专科学校,宁夏回族自治区,宁夏回族自治区,银川市,专科,None
2755宁夏艺术职业学院,宁夏回族自治区,宁夏回族自治区,银川市,专科,None
2756宁夏体育职业学院,宁夏回族自治区,宁夏回族自治区,银川市,专科,None
2757石嘴山工贸职业技术学院,宁夏回族自治区,宁夏回族自治区,石嘴山市,专科,None
2758宁夏卫生健康职业技术学院,宁夏回族自治区,宁夏回族自治区,石嘴山市,专科,None
2759新疆大学,新疆维吾尔自治区,新疆维吾尔自治区,乌鲁木齐市,本科,None
2760塔里木大学,新疆生产建设兵团,新疆维吾尔自治区,阿拉尔市,本科,None
2761新疆农业大学,新疆维吾尔自治区,新疆维吾尔自治区,乌鲁木齐市,本科,None
2762石河子大学,新疆生产建设兵团,新疆维吾尔自治区,石河子市,本科,None
2763新疆医科大学,新疆维吾尔自治区,新疆维吾尔自治区,乌鲁木齐市,本科,None
2764新疆师范大学,新疆维吾尔自治区,新疆维吾尔自治区,乌鲁木齐市,本科,None
2765喀什大学,新疆维吾尔自治区,新疆维吾尔自治区,喀什地区,本科,None
2766伊犁师范大学,新疆维吾尔自治区,新疆维吾尔自治区,伊犁哈萨克自治州,本科,None
2767新疆财经大学,新疆维吾尔自治区,新疆维吾尔自治区,乌鲁木齐市,本科,None
2768新疆艺术学院,新疆维吾尔自治区,新疆维吾尔自治区,乌鲁木齐市,本科,None
2769新疆工程学院,新疆维吾尔自治区,新疆维吾尔自治区,乌鲁木齐市,本科,None
2770昌吉学院,新疆维吾尔自治区,新疆维吾尔自治区,昌吉回族自治州,本科,None
2771新疆警察学院,新疆维吾尔自治区,新疆维吾尔自治区,乌鲁木齐市,本科,None
2772新疆理工学院,新疆维吾尔自治区,新疆维吾尔自治区,阿克苏地区,本科,None
2773新疆农业大学科学技术学院,新疆维吾尔自治区教育厅,新疆维吾尔自治区,乌鲁木齐市,本科,民办
2774新疆第二医学院,新疆维吾尔自治区,新疆维吾尔自治区,克拉玛依市,本科,None
2775新疆科技学院,新疆维吾尔自治区,新疆维吾尔自治区,巴音郭楞蒙古自治州,本科,None
2776新疆政法学院,新疆生产建设兵团,新疆维吾尔自治区,图木舒克市,本科,None
2777新疆天山职业技术大学,新疆维吾尔自治区教育厅,新疆维吾尔自治区,乌鲁木齐市,本科,民办
2778和田师范专科学校,新疆维吾尔自治区,新疆维吾尔自治区,和田地区,专科,None
2779新疆农业职业技术学院,新疆维吾尔自治区,新疆维吾尔自治区,昌吉回族自治州,专科,None
2780乌鲁木齐职业大学,新疆维吾尔自治区,新疆维吾尔自治区,乌鲁木齐市,专科,None
2781新疆维吾尔医学专科学校,新疆维吾尔自治区,新疆维吾尔自治区,和田地区,专科,None
2782克拉玛依职业技术学院,新疆维吾尔自治区,新疆维吾尔自治区,克拉玛依市,专科,None
2783新疆机电职业技术学院,新疆维吾尔自治区,新疆维吾尔自治区,乌鲁木齐市,专科,None
2784新疆轻工职业技术学院,新疆维吾尔自治区,新疆维吾尔自治区,乌鲁木齐市,专科,None
2785新疆能源职业技术学院,新疆维吾尔自治区教育厅,新疆维吾尔自治区,乌鲁木齐市,专科,民办
2786昌吉职业技术学院,新疆维吾尔自治区,新疆维吾尔自治区,昌吉回族自治州,专科,None
2787伊犁职业技术学院,新疆维吾尔自治区,新疆维吾尔自治区,伊犁哈萨克自治州,专科,None
2788阿克苏职业技术学院,新疆维吾尔自治区,新疆维吾尔自治区,阿克苏地区,专科,None
2789巴音郭楞职业技术学院,新疆维吾尔自治区,新疆维吾尔自治区,巴音郭楞蒙古自治州,专科,None
2790新疆建设职业技术学院,新疆维吾尔自治区,新疆维吾尔自治区,乌鲁木齐市,专科,None
2791新疆现代职业技术学院,新疆维吾尔自治区教育厅,新疆维吾尔自治区,乌鲁木齐市,专科,民办
2792新疆交通职业技术学院,新疆维吾尔自治区,新疆维吾尔自治区,乌鲁木齐市,专科,None
2793新疆石河子职业技术学院,新疆生产建设兵团,新疆维吾尔自治区,石河子市,专科,None
2794新疆职业大学,新疆维吾尔自治区,新疆维吾尔自治区,乌鲁木齐市,专科,None
2795新疆体育职业技术学院,新疆维吾尔自治区,新疆维吾尔自治区,乌鲁木齐市,专科,None
2796新疆应用职业技术学院,新疆维吾尔自治区,新疆维吾尔自治区,伊犁哈萨克自治州,专科,None
2797新疆师范高等专科学校,新疆维吾尔自治区,新疆维吾尔自治区,乌鲁木齐市,专科,None
2798新疆铁道职业技术学院,新疆维吾尔自治区,新疆维吾尔自治区,乌鲁木齐市,专科,None
2799新疆生产建设兵团兴新职业技术学院,新疆生产建设兵团,新疆维吾尔自治区,乌鲁木齐市,专科,None
2800哈密职业技术学院,新疆维吾尔自治区,新疆维吾尔自治区,哈密市,专科,None
2801新疆科技职业技术学院,新疆维吾尔自治区教育厅,新疆维吾尔自治区,五家渠市,专科,民办
2802吐鲁番职业技术学院,新疆维吾尔自治区,新疆维吾尔自治区,吐鲁番市,专科,None
2803博尔塔拉职业技术学院,新疆维吾尔自治区,新疆维吾尔自治区,博尔塔拉蒙古自治州,专科,None
2804和田职业技术学院,新疆维吾尔自治区,新疆维吾尔自治区,和田地区,专科,None
2805石河子工程职业技术学院,新疆生产建设兵团,新疆维吾尔自治区,石河子市,专科,None
2806喀什职业技术学院,新疆维吾尔自治区,新疆维吾尔自治区,喀什地区,专科,None
2807克孜勒苏职业技术学院,新疆维吾尔自治区,新疆维吾尔自治区,克孜勒苏柯尔克孜自治州,专科,None
2808新疆科信职业技术学院,新疆维吾尔自治区教育厅,新疆维吾尔自治区,乌鲁木齐市,专科,民办
2809阿勒泰职业技术学院,新疆维吾尔自治区,新疆维吾尔自治区,阿勒泰地区,专科,None
2810塔城职业技术学院,新疆维吾尔自治区,新疆维吾尔自治区,塔城地区,专科,None
2811塔里木职业技术学院,新疆生产建设兵团,新疆维吾尔自治区,阿拉尔市,专科,None
2812新疆工业职业技术学院,新疆维吾尔自治区,新疆维吾尔自治区,乌鲁木齐市,专科,None
2813铁门关职业技术学院,新疆生产建设兵团,新疆维吾尔自治区,铁门关市,专科,None
2814新疆司法警官职业学院,新疆维吾尔自治区,新疆维吾尔自治区,乌鲁木齐市,专科,None
2815阿克苏工业职业技术学院,新疆维吾尔自治区,新疆维吾尔自治区,阿克苏地区,专科,None
2816喀什理工职业技术学院,新疆维吾尔自治区,新疆维吾尔自治区,喀什地区,专科,None
2817图木舒克职业技术学院,新疆生产建设兵团,新疆维吾尔自治区,图木舒克市,专科,None
2818可克达拉职业技术学院,新疆生产建设兵团,新疆维吾尔自治区,可克达拉市,专科,None
2819新星职业技术学院,新疆生产建设兵团,新疆维吾尔自治区,新星市,专科,None
2820昆玉职业技术学院,新疆生产建设兵团,新疆维吾尔自治区,昆玉市,专科,None
